datetime,P-PET,polygon_id,spei_1,spei_3,spei_6,spei_9,spei_12,spei_18
2020-01-01,-60.87404974905815,1,-1.7107308364160934,1.0466113465929459,0.5935137923956462,0.8914137316194974,1.0542720994846988,1.1584213128808716
2021-01-01,176.15666696399367,1,1.0692591040693178,1.272074630924616,0.7628370977590384,0.9188741490791409,0.6299353691378502,0.7644897703433671
2022-01-01,-39.22485320655281,1,-1.2471217763906666,-1.59250789480585,-1.119783815933252,-1.1452632331176913,-0.5631411838659082,-0.296478546483708
2020-02-01,57.474037467661816,1,-0.13245271673405887,0.5617203637718344,0.9008598326758483,0.6323131956547334,1.1346247180107665,1.0560349897582666
2021-02-01,16.885897040574505,1,-0.6661847822655768,0.6312980819814205,0.7823885598099343,0.6845570088163452,0.38086378795542286,0.68975937500634
2022-02-01,183.27727142555875,1,1.4307352770664354,-0.1380261808119702,-0.653180234600506,-0.3045976313379752,-0.11702799173945122,0.22147640734385096
2020-03-01,201.70235821636552,1,-0.3038548081507264,-1.0700980393089796,0.8041298254462738,0.3472477022521002,0.7407927669193229,1.1372127669990175
2021-03-01,294.5779239969097,1,1.2335933001729695,0.9081432347945914,0.8483635541304734,0.856214256080031,0.7247657233298661,0.867045418658886
2022-03-01,301.1837383065273,1,1.311594455067374,0.6953492852105353,0.1408000947663546,0.0075760781295845184,-0.0865261811957594,0.27451300726080835
2020-04-01,180.8597604640996,1,-0.9092010119415014,-0.4882594829920272,0.3536233096440111,0.22797319109641911,0.47781790504058,0.9105601680795504
2021-04-01,284.7687146269014,1,0.9455524288436842,0.5689443258849856,1.1575781828673932,0.8483313139887081,0.9726563148094207,0.864310830875717
2022-04-01,341.39660240678023,1,1.635182030145475,1.6209952883322245,0.508948577514058,0.6909238556808585,0.15196517562719836,0.6752538828747097
2019-05-01,282.60162729749,1,0.8804064954673012,1.1107334701560072,1.2918265136039908,0.9131799395537845,0.2943020179544168,-0.8240340924765093
2020-05-01,235.40273692908764,1,0.12440063593608319,-0.4079022990313225,0.002555644795574718,0.41813429631148824,0.25135187121301317,0.9427352469247612
2021-05-01,145.08554785582638,1,-1.2868365769547698,0.45605497104036463,0.5867796263707696,0.7242381284047376,0.6564799653153605,0.5152860481471456
2022-05-01,366.5960084259524,1,1.9694667088589992,1.7648704356518106,1.4141705140644425,0.880094925438064,0.8254441449404907,0.9839651857952039
2019-06-01,251.17942474733417,1,1.0488951469748644,1.1674210089144421,1.5429795034303446,1.4271401057508815,0.8053485932655733,-0.4186701014761987
2020-06-01,238.64744303985836,1,0.846654671949629,0.025991370405655766,-0.6621718019100786,0.6000639225746499,0.22548587368394968,1.3215700406923374
2021-06-01,202.63915290800355,1,0.22137579537693136,-0.19423752343521625,0.6393929057068647,0.5553952420384922,0.5916135569012642,-0.015456329727720913
2022-06-01,51.60081289161533,1,-2.1023016958845435,1.0092988002167524,0.9474439914287778,0.43697565630688867,0.35491500176466284,0.6035895184872017
2019-07-01,159.46642833840886,1,-0.0434107812704651,0.9350364889099589,1.0535404196630493,1.3512868894902041,0.9680540038358146,-0.44157166245730894
2020-07-01,200.1066680958064,1,0.7224009210346722,0.7773303025761491,0.06775132498949296,0.6079812439572153,0.4154337412845187,1.0042054540551544
2021-07-01,121.04214774168716,1,-0.7634476567517742,-1.0197343516145014,-0.16949339719545645,0.5417910439774876,0.3278748737086182,0.29174689324834263
2022-07-01,233.71778772829893,1,1.2898837396838765,0.5873352304838475,1.6284810116293285,0.6476339853521481,0.7990652729013252,0.5390611721489507
2019-08-01,13.729117959031155,1,-1.7217366106877792,-0.09688261456948997,0.8081286028551266,0.968762466060998,0.7668786464819557,-0.11942004701260386
2020-08-01,22.772651685977195,1,-1.4158468662952102,0.26525756699323955,-0.28168669084315495,0.12763004834094882,0.4013080521761539,0.752209497479033
2021-08-01,144.0221045323241,1,1.0548579520633865,0.32490128593378875,0.4033732493070829,0.5929927875224759,0.7217828673361235,0.480980545880137
2022-08-01,87.21300526389493,1,0.21946953048162826,-0.5939770575603265,1.4330027889526211,0.9018079893894038,0.5467462298446252,0.6670401276179525
2019-09-01,55.09797117146661,1,0.01689536770817805,-0.8268255840305404,0.2669348852643427,1.397561341293054,1.0278462032742033,-0.07440020034531564
2020-09-01,112.64527716691812,1,0.9499253247251188,0.41097166055638196,0.16681717140850527,-0.5276877434482838,0.6221732554899002,0.6677191755661586
2021-09-01,35.81056131367751,1,-0.3516706251235517,0.022963013681014676,-0.18959626194065268,0.5044076128244698,0.4473477520483857,0.479748364400415
2022-09-01,-50.62053745823282,1,-2.0525824072002035,-0.33425243566741664,0.41074288525355385,0.7356953011723312,0.2159062962205436,0.11479230233711676
2019-10-01,102.10560954924745,1,0.8287211828032041,-0.5672048131295513,0.4642908694477977,0.7732986270431527,1.1021519791684236,0.2364145014202477
2020-10-01,28.66797149098997,1,-2.160480640612532,-0.6756554610213931,0.29046946313163297,-0.23548677839774165,0.3009879033701717,0.4567405009309293
2021-10-01,86.9393858915412,1,0.6122224049693622,0.7333431692423864,-0.40723986551818075,0.01215130207204857,0.6492043731562079,0.6334719003422131
2022-10-01,105.42717992964396,1,0.8693248862564926,-1.0318630022720552,-0.011228326149863322,1.2583979925873146,0.25079356458136876,0.03203399656249726
2019-11-01,188.68487831513715,1,1.2714040990965416,1.0287027324247444,0.6021776609147061,1.2134560784801567,1.3687493877534833,0.506894228655224
2020-11-01,171.45272224484415,1,0.9501692617302991,0.6579025999287497,0.625548245238647,0.06430698651805518,0.28430134725282646,0.48184167777422576
2021-11-01,48.94526524997906,1,-1.520717882050922,-1.0161405247806599,-0.24414397606362334,-0.09800741128337655,0.20035331358539282,0.43715189072239974
2022-11-01,40.848546242662735,1,-1.6526663833345883,-1.7558526948398512,-1.4474943597254049,0.5431353368505282,0.2708499538318978,0.06408772095454172
2019-12-01,303.4988315830691,1,2.1817513903858403,2.1775313338323,1.3892870128569037,1.5222767064711962,1.9612716609535592,1.3640564483919384
2020-12-01,116.52691948985418,1,0.29394534859495675,0.32041974991327565,0.33482138501795816,0.29229705217048435,-0.3057389574113222,0.3945589295455118
2021-12-01,67.89611166390463,1,-0.3230782791199167,-0.765741449421948,-0.6663270575484187,-0.5037112527233668,0.1718618896481106,0.2273169861932924
2022-12-01,-71.99887638728678,1,-1.8476616703962523,-1.9096879951596974,-1.5985412449057848,-0.6526592974656452,-0.1271900062842204,-0.5065908385034315
2020-01-01,34.5498897332059,2,-1.2092390864679694,-0.5153368825400788,-0.1348462938286629,0.8050653674997144,0.008947188003833574,0.47288957198367604
2021-01-01,296.52286984026244,2,1.4759120334210465,0.17491438517188695,-0.8425246351098905,-0.9516343687539855,-0.6422120220789601,-0.7323215456969835
2022-01-01,63.53588038735796,2,-0.9003439919585473,0.5387232365173631,0.46429813264843817,-0.7011910100098907,-1.2768172185963698,-2.028464862520992
2020-02-01,8.867688206906905,2,-1.639484400725392,-1.2828941917369785,-0.80362509368415,-0.6708185192436978,-0.6607240752275798,-0.20653052710035447
2021-02-01,236.295636332598,2,1.0265650286215338,0.8503064343297305,-0.20393732396498085,-0.3787912580377458,0.31150120164331907,-0.3395382281940046
2022-02-01,328.77365983310995,2,1.9011913029978105,0.5938905675573338,1.279714564185336,0.8791076911186658,-0.6658825997186314,-0.7117134985951279
2020-03-01,258.19734442148314,2,1.3814316287240067,-0.9096771063230585,-0.2350470274187642,-0.21869152428062583,0.30458009813642317,0.34321306215810804
2021-03-01,69.41908928384859,2,-1.074515378534194,0.9534678437437343,0.016942022090409483,-0.682890165317463,-0.5530261000508947,-0.6730685721366855
2022-03-01,275.79058795807066,2,1.5329380188546688,1.3143531483857327,1.3830593181197277,1.1240457832451634,0.12721914938923293,0.35857787626080107
2020-04-01,270.4512559854353,2,1.1232883913894463,0.4153438279069097,-0.179569144425361,0.04638874916013574,0.7898658704538708,0.6338249609093507
2021-04-01,99.94568161342706,2,-1.7095563181302045,-0.7049485730175119,-0.22895261763045363,-1.0708271914861724,-1.2415510509639387,-1.4931258149063054
2022-04-01,214.25743522761005,2,0.15860982491523604,1.8426656042846847,1.506935534776006,1.369667149614923,0.6194425350827809,0.5402912593488967
2019-05-01,408.95041639208335,2,2.303580748526692,-0.15496841224019584,-0.25228073817453045,0.1678607466728798,0.2831937176878896,-0.03197130565608389
2020-05-01,189.65994046466005,2,-0.6330371730894307,1.147028650658798,-0.478299031824467,-0.18873924346175017,-0.0558831384255306,-0.0917051347276134
2021-05-01,36.69636241048804,2,-2.440794866128329,-2.572806085670113,-1.0476930104879756,-1.492473285990643,-1.7917958215748053,-2.1887508485220692
2022-05-01,228.5125273182824,2,-0.026975102021713694,1.1489181965285438,1.2564595455767613,1.6450776692587468,1.2877142098905479,0.6449516004218084
2019-06-01,145.5028954028794,2,0.001694069945680621,1.3397954759161883,-0.07392578276020782,0.33608407340832475,0.5049713288782851,-0.16899410335159076
2020-06-01,133.0756207314664,2,-0.28081774382660585,0.11902072149732576,-0.814950330210582,-0.1746995657686351,-0.14202474732397027,-0.03665276089155225
2021-06-01,183.028376166154,2,0.8316541229506503,-2.5237965100818927,-0.6191815475863018,-1.1976196976083278,-1.619445281264363,-2.02192083304507
2022-06-01,134.72050537248896,2,-0.24364056467533204,-0.0726747091077756,1.36757728686559,1.4823813412789897,1.1650911519854525,0.7786941370529122
2019-07-01,124.4980840880163,2,0.39693384430531625,1.7123546946560306,-0.2684456477038154,0.5527409884816322,0.36891974340815087,0.13883322018223113
2020-07-01,109.15159455673005,2,0.08226957534356845,-0.5190959968701686,-0.06805930657261801,-0.3851468887058046,-0.20534719968967827,-0.22374752538720244
2021-07-01,2.3588856103872047,2,-1.8455859891001583,-2.167020408959621,-2.20174439904553,-1.413082965651319,-1.836443547904675,-1.9551180307079596
2022-07-01,130.72965888975014,2,0.5222164137831918,0.09344281149386362,2.124992728658627,1.5385227730304087,1.4924321297105423,0.36514621344075665
2019-08-01,43.66163057773133,2,0.028780438118764268,0.24332701695888118,-0.0507431181754834,-0.09328789029294392,0.24387245341202798,0.20850769456102952
2020-08-01,-11.64700515780649,2,-1.1700365195095133,-0.8237953760562827,0.4890966679178487,-0.7439623167040992,-0.4131403454727918,-0.3611381447490981
2021-08-01,-29.111222656753725,2,-1.4937025994108977,-1.6314257304969104,-2.904778968480613,-1.686258307753445,-1.826708731957494,-1.6916842669733585
2022-08-01,105.71532224220942,2,1.345151324437835,0.9603586199905386,1.4288376622601107,1.4107205433532186,1.8125735549784165,0.2211929069188923
2019-09-01,31.04737578853971,2,0.41398160064979544,0.2448484709515541,1.072305371147257,0.10677156689040557,0.4173003397149463,0.615596396107607
2020-09-01,-70.42384944449687,2,-0.6783666480988697,-1.7643790579091352,-1.0965566777620865,-1.8269884924916102,-0.8641686870518416,-0.26201326360800553
2021-09-01,86.15457769266752,2,0.6307397024129103,-1.4495260282680993,-2.4646022626867703,-1.3999275302925378,-1.6858607464141953,-1.8857876168888925
2022-09-01,17.150663818765025,2,0.3421422187155296,0.922767925610865,0.5504339218946275,1.5399281619707212,1.6675349884039843,0.4157151902066531
2019-10-01,72.29722151651072,2,1.2207436510495266,0.15204995576426708,1.4839768341444275,0.16259503765758018,0.6869083650978977,0.5390602755014625
2020-10-01,-29.54667370622343,2,-1.558952149647853,-6.105507060577802,-1.5432748559653615,-1.3499028887924522,-1.2379145366109028,-0.2375284453961868
2021-10-01,25.1336146334736,2,0.09694921264082337,0.04770739679934902,-1.6224932999215587,-2.24476865143289,-1.3310328159951275,-2.0409180271423057
2022-10-01,8.834826874622337,2,-0.3856727485424998,0.13001959151099288,0.3070743002699212,1.8068774958140226,1.7329259360568607,0.7677225766293342
2019-11-01,98.56404370390976,2,0.15227545604093645,0.44915300561166893,0.5687489535887736,0.3849544347160935,0.057354718198256716,0.5908492400979077
2020-11-01,45.98117558986738,2,-0.7176833053045701,-1.8919503149888812,-1.8907275411895663,-0.8532533967232481,-1.6926871030222195,-1.1473223708795195
2021-11-01,251.76040433146497,2,1.7072285631709954,1.8412345385757332,0.5966839277234001,-1.7929214077436264,-0.6999706762753372,-1.5792114977238207
2022-11-01,129.299348373229,2,0.5769427890154297,-0.029173437532691318,0.6493059419707226,1.4083544386143654,1.5465897106240014,1.4807527695444578
2019-12-01,134.77578740983333,2,0.2586273475632404,0.4597856665997113,0.5322321742629931,1.0177594888124946,0.3816151359345294,0.7997351325290643
2020-12-01,46.52125992780395,2,-0.9591805326373618,-1.3405691103600457,-1.9027441262685858,-1.6205753949245827,-2.167667574731737,-1.595358009363608
2021-12-01,138.17742042686623,2,0.3016531013455751,1.2406713130855498,0.33604648153108546,-1.0051282360249492,-0.1372216205483763,-1.6159063507434381
2022-12-01,242.59781042823883,2,1.3819246273089083,1.0096665128854783,1.2982999730782994,1.035947568058689,1.7392837368082499,1.4058044221278392
2020-01-01,-16.090590785445784,3,-1.2665222344889897,-0.06583235261719513,0.627900786554803,0.8462376182313602,0.6244440489946448,0.6211864915425354
2021-01-01,249.042156078171,3,1.6216142122860522,1.636631659083036,1.1390486494004506,1.4091289500103206,0.823988322129137,0.9534671197484298
2022-01-01,63.505583225252366,3,-0.39113510977342614,0.7941967708742927,1.1093461881977718,1.743690568661884,1.992733986900221,1.9544451150306208
2020-02-01,-11.586944108327486,3,-1.3823360554845123,-0.9719086763714322,0.11823910411366619,0.2255389403829318,0.30505501779526056,0.3890239668395007
2021-02-01,139.12148945699442,3,0.49373450498288174,1.3864077595809066,1.329851208095038,1.1382846499665615,1.2004276393366151,0.9788580502676779
2022-02-01,260.2935656436688,3,1.8324919971861966,1.0038333249190945,1.26367526003887,1.9949825356442739,2.1701493100571763,2.1360178654990056
2020-03-01,101.72648933208048,3,-0.8058300783375432,-1.5184561320148737,-0.402892056611017,0.11544918791473027,0.37736226216444363,0.256223873054616
2021-03-01,206.94178180096304,3,0.7165037857663707,1.2597075266405449,1.4796823085394648,1.0427139171572795,1.3642753126559855,0.9355563991583986
2022-03-01,241.7559612183324,3,1.1765030775557503,1.1156184226456711,1.3932460050951985,1.7013841739496915,2.10710499578086,2.1997596985889207
2020-04-01,191.6712850587972,3,0.08732242981567465,-1.4610888738032168,-0.7054930094482367,-0.014244214719247163,0.22075323991256066,0.3710225096715969
2021-04-01,254.5453518805997,3,1.4267147765136654,1.1470102423027404,1.6453649801923436,1.3816599934043117,1.5154904515949523,0.9257887699577032
2022-04-01,236.7862382118562,3,1.088562994942465,1.7088106157585519,1.4956516309035421,1.7085386170519588,2.005367355664771,2.3064493271706876
2019-05-01,183.3585226340333,3,0.798177740086231,0.3222174530875806,0.2667255694362765,0.1875439327473597,-0.06731596453080986,-0.10596028162117449
2020-05-01,242.33758867046623,3,1.580517440706499,0.5787453186048412,-0.6337827442467675,0.2496890666117534,0.34043577254897817,0.5068974926170845
2021-05-01,172.2100300605726,3,0.6103602242071705,1.3454350483942403,1.7122564882629898,1.531939153084324,1.3612799056004687,0.8576532714845346
2022-05-01,120.05917932817876,3,-0.4494999974947529,1.1056390937191511,1.2950970347637427,1.389418630744018,1.98587376554039,2.2584899973647348
2019-06-01,-18.5255667048626,3,-0.4355853776984936,0.8493695032291709,0.2982900265794748,0.07110446445653697,-0.003507072643122025,-0.39709935399512053
2020-06-01,42.28507644972655,3,0.6298688524174497,1.0681551161423217,-0.7730814913495648,0.09674488242287728,0.4789234142608547,0.6276143616602078
2021-06-01,125.34330793503582,3,1.1977693908044185,1.336605594846356,1.8521344974283176,1.838527656402781,1.434557383484786,1.0137581147076506
2022-06-01,53.49870228987064,3,0.736754167039283,0.7339757828194202,1.2163260233905238,1.4268021039219148,1.6918094130238175,2.3179666554390055
2019-07-01,19.80585650676369,3,1.4591412637015628,0.6724508845130134,0.26325155304697684,0.46176100775837353,0.22409994631971025,-0.23909320401214362
2020-07-01,-61.41038036378316,3,-0.7441239802993929,0.9351334777777417,-0.26125154015769847,-0.25932294612234313,0.2793387890935007,0.3221247887012839
2021-07-01,54.80166437671127,3,1.9785990174772035,1.5358548832205896,1.5203352253326639,1.930279632813035,1.777422385982748,1.4764336223692696
2022-07-01,-36.7872679342438,3,0.09580345402883676,0.25653949808961607,1.356404113223659,1.3696335549780456,1.5912669634262455,2.0820176842109652
2019-08-01,-85.87568016538916,3,0.19834813708918828,0.34792691996563035,0.5580830328463062,0.4319486224888075,0.3010882565510447,-0.14303216007842023
2020-08-01,-144.54123761404514,3,-1.7108313708325664,-0.7323202975912607,0.11903381405828523,-0.7403516278414918,0.12150208482435369,0.286605799551473
2021-08-01,-10.434819877075,3,2.020391782719338,2.3883575319396564,2.0410022929714335,1.9122818692793457,2.0035710685858144,1.8061098924251335
2022-08-01,-76.0834437901494,3,0.5068441898515642,0.6521158080764036,1.2154115712580842,1.2454613001300139,1.4327477102837718,2.0192564509795656
2019-09-01,57.45269267498696,3,1.6645109695608906,1.459966065728729,1.7889532825639258,0.9681178283244202,0.6162347815269001,0.3389716535742125
2020-09-01,-25.59831640462676,3,0.19197100444633633,-0.731986075542985,0.47308484197649636,-1.127866495068898,-0.059312071162214,0.5599576022143596
2021-09-01,16.930834867068853,3,1.0061613306514643,1.9192303473726637,2.790220096670023,1.9091539005663443,1.9958660702464417,1.9175010109634572
2022-09-01,-65.19852615482654,3,-0.5988382799031526,-0.1323876925121338,0.3644751696168489,1.067687492437768,1.2955252641601014,1.859550300639635
2019-10-01,78.59205655524795,3,1.832085209196099,1.6198177984624706,1.5145413604480908,1.030179493454159,0.9585817713382615,0.5895300249198618
2020-10-01,5.495055793041587,3,0.3367252469729173,-0.31067133958701326,0.5175562536079976,-0.507704965051343,-0.2768860748821228,0.4357706635650958
2021-10-01,16.055460980808306,3,0.5849290812239555,1.411171821873773,2.074847597427837,2.1039261260233695,1.877919172973668,1.8285686277120956
2022-10-01,18.834710943228373,3,0.6488667860544434,0.1049958310427771,0.20517274002858124,1.4879134810532215,1.2625030306725962,1.7054581187682007
2019-11-01,121.6117843039994,3,0.8716173127473646,1.6970516852914876,1.5064960435595218,1.3821049976625417,1.0154693725695445,0.6621266700869054
2020-11-01,131.60207360580523,3,1.0124417715273315,0.7115764127877411,0.29763383840482904,0.5283657342844017,-0.2520803712632492,0.45083174850880786
2021-11-01,146.4887809451225,3,1.2137027398677815,1.2020894894343797,2.1649537705087996,2.2186710079966696,1.8773875566694396,1.7775695763171118
2022-11-01,-0.4078694660344979,3,-0.9850638967674278,-0.5516911000515738,-0.055875254624554345,0.5732097863382517,0.9681002452459874,1.5401797282567102
2019-12-01,149.65664074814316,3,0.5758371406736168,1.1699549573775865,1.4498159033331552,1.6147277738120542,1.2512994810978837,0.769492503893841
2020-12-01,226.2376292629446,3,1.156601296858339,1.2315804229380753,0.62020730829902,1.0921288782511929,-0.009152771370658138,0.700835587432475
2021-12-01,201.29004856987893,3,0.9928384949466399,1.2338268533859043,1.7250281270797942,2.1351294664287215,2.043390258615409,1.763261346912063
2022-12-01,106.6236417850288,3,0.12028840558270006,-0.19965798738216173,-0.2604764945540396,0.053338972820753366,0.7736895040654115,1.2720194710444042
2020-01-01,-39.76263611331393,4,-0.8299637296403078,0.3232331174469915,0.47945985329790475,0.8350661730243183,-0.18201104942805163,-0.2650428847260623
2021-01-01,133.17630186323618,4,0.759282782718767,1.1598907069740632,0.8123762720303017,1.0841352605656611,0.483394366746708,0.7388754218969849
2022-01-01,113.44565096207026,4,0.5950237382918504,1.2600903025756947,1.3926728939191015,1.0911687999332889,1.4395659896279087,1.6322915898066324
2020-02-01,2.708947734531904,4,-1.4345515868832162,-0.5063096720802439,-0.010692553577564236,0.2006446830938332,-0.26980602137981363,-0.42170636801051714
2021-02-01,225.24822891433013,4,1.0391741202764726,0.8605242492246631,1.0045461986826731,1.071813895732265,0.9305714905042278,0.8812292550171515
2022-02-01,237.09800718232677,4,1.1607334108690706,1.279787454791089,1.3819985110955528,1.4935339177601867,1.2256431832340833,1.773540572962067
2020-03-01,102.32145544086572,4,-1.5137278881386098,-1.4200716737262977,-0.34193628372742496,-0.28945057632387144,-0.09835100527303493,-0.7061586293088178
2021-03-01,303.7146491822298,4,0.5617465358551565,0.9507837521161496,1.1042870829739342,0.7903142997257098,1.2110725715953892,0.9298677627818122
2022-03-01,383.0270245420028,4,1.342440496746476,1.2128548925175382,1.4210849469567237,1.5905283740475877,1.2328718633482256,1.8020236609336173
2020-04-01,237.9971789175894,4,0.3813597273391985,-1.5992487052999205,-0.5592159169546392,-0.24721406803384258,0.12503545848828013,-0.5760447269279089
2021-04-01,155.65620301569697,4,-1.0700210725920984,0.5546344714569976,1.0959175393526182,0.8469034093680153,1.1111736412663067,0.7038274109571762
2022-04-01,242.5427138082608,4,0.4370562954217202,1.6004737933930988,1.5177751039363185,1.6361998422440982,1.4652121203213857,1.9528625378063809
2019-05-01,328.5506264626423,4,1.150942432317128,-1.607491142200926,-0.7765055134383019,-0.7994830505856563,-0.704003070676487,-0.7165394518364634
2020-05-01,318.64647775217657,4,1.0466227018591705,-0.3609482078657015,-0.5406024375826591,-0.08480391067779987,0.1163837300537186,-0.36968797377829526
2021-05-01,150.68591431401666,4,-0.9246089319096268,-0.7889398553289687,0.5294564755953676,0.7617657163233263,0.8305581548862987,0.4274421992814121
2022-05-01,220.3525000119958,4,-0.10635727069055226,1.259589376504248,1.5773904673038743,1.6664031306427327,1.733399888794262,1.821870852373415
2019-06-01,144.30895597117066,4,0.9399824750591259,0.47333111701896124,-0.9890338457745123,-0.6552415826039046,-0.444772824985654,-0.5449842818062083
2020-06-01,188.6636538896575,4,1.258172208862545,1.234828344871103,-0.6134616172351445,0.23644683314418238,0.2223866186972723,-0.2907152675489046
2021-06-01,29.13944828395313,4,-0.5742109909707085,-1.2420412168653194,0.197474925273375,0.7094799887563524,0.39184626300866976,0.10811303990530516
2022-06-01,64.0724437654178,4,0.03823908412386595,-0.09110963192653468,1.2619078014809095,1.5138087007297876,1.610164776468437,1.765230373779803
2019-07-01,-39.95922735885773,4,-0.24022292819410224,1.1713020032601866,-1.3873504618162755,-0.5400318357093739,-0.6646217605704328,-0.537174948137698
2020-07-01,-85.36003380943566,4,-1.2473711513560963,1.0971961629423292,-0.6475002233628029,-0.07022817487388285,0.12117449952430574,-0.36440404275878097
2021-07-01,40.35031151159637,4,1.3603297150056162,-0.442754439846021,0.2891221166042323,0.9538765627268349,0.7114026000789035,0.48510704027910734
2022-07-01,-22.453547180333032,4,0.15495381400829433,-0.11441226855258935,1.3977835148135078,1.4799789103254581,1.5919774235283364,1.6569506057341945
2019-08-01,-82.7492439396388,4,0.669305733927071,1.0115910300170285,-1.0217877531709578,-0.4588996141206483,-0.5637773476085755,-0.42292336164898314
2020-08-01,-109.84550214579563,4,0.026671047590043795,0.6467717097149221,0.015521254198484167,-0.332617521798889,0.05338083521310532,-0.20055675446928226
2021-08-01,-44.62470213232817,4,1.3735224960857741,1.0520789621396047,-0.13274539474525462,0.7530259620976754,0.9247575859984604,0.8895526409452669
2022-08-01,-101.30368606665616,4,0.24150885094443908,-0.0953373370540056,1.0910145333132935,1.4912656916259097,1.5904478010502818,1.4652256743992038
2019-09-01,-130.4803917563249,4,0.21728121373488804,0.2801246275650157,0.6559090918471081,-0.9357532021324896,-0.5851503882142445,-0.04860775454528622
2020-09-01,-164.83663637287742,4,-0.24322642586166562,-0.7520890757542626,0.7972639693349958,-0.9938837864744592,0.0463153108949188,0.24733400561267732
2021-09-01,-113.31299561276391,4,0.44442279734805284,1.4726271669909725,-0.2623831831695401,0.9653247469541447,1.1047747058960353,1.2376198722799785
2022-09-01,-191.8953509046493,4,-0.5977374466847456,-0.3325049579999265,-0.3045115534458207,1.230483107636342,1.4386041926026996,1.2475890714120048
2019-10-01,-93.1736430185366,4,1.1595659460612264,0.9107827023961176,1.4465107385032474,-0.5647649915664357,-0.15726196208032087,-0.08449756936979134
2020-10-01,-160.93540195575673,4,-0.11413088473365449,-0.30010676055702057,0.664918170735366,-0.7216218744464749,-0.09446928262054846,0.4088711217544112
2021-10-01,-107.84256909576308,4,0.9317039249830867,1.248743193104001,0.46743941806094863,0.9827178188120728,1.1844367879399553,1.267410527223344
2022-10-01,-79.93253343295261,4,1.345198882430008,0.30020125410116805,0.048815416519325854,1.3748525047252176,1.4151652885216115,1.482308141658394
2019-11-01,-55.52967688605571,4,0.7843999782085865,1.0055573930823838,1.2173109719421817,0.007471167015893409,0.015682859115180886,-0.14808357868749572
2020-11-01,61.52848382662958,4,2.0581082658480385,1.1185658999956494,1.1447288903860482,0.7359616133528863,0.17802514807812392,0.5673767350695547
2021-11-01,-9.946023298773897,4,1.360928217559226,1.3579037069878723,1.4864404584792186,0.8114513690969611,1.1292653645124995,1.2838280868967262
2022-11-01,-67.74043601078134,4,0.6095681559354691,0.518606370507421,0.3706767330903377,1.0123263419113144,1.4586109096095634,1.682508687971879
2019-12-01,43.67514377597942,4,0.7307496834143825,0.9820684573976168,0.7861378658891116,0.9515428450979146,-0.05391507954968259,0.00884849657024764
2020-12-01,-10.839544572729013,4,0.4259129663959843,0.956198928052224,0.361993500336362,1.0091314118645416,-0.1265620583038712,0.4107999579811813
2021-12-01,115.07732530920006,4,1.025233912986189,1.457309510311068,1.574900418373778,0.8168645969839278,1.6678630237783125,1.2709284425223788
2022-12-01,52.34155151638976,4,0.7717795465026936,1.0297250126275077,0.5898092312110841,0.48152272406751734,1.593407268257159,1.8159354999353414
2020-01-01,153.41032342553612,5,-0.2795692377278448,-0.4110331969614422,-0.05262648239201182,-0.3179310376693407,-0.41910117230666666,-0.6600056097293441
2021-01-01,175.18289962840535,5,0.19724431236385728,-0.6755706200634142,-1.0634946883912548,-1.0580322403290014,-0.3200951062659549,-0.47564847694746354
2022-01-01,119.02610110042684,5,-1.1294846034972015,0.6050440612996345,0.4772488057993741,-0.03827512919970789,0.5156657818860224,0.3829717718172677
2020-02-01,153.32253058109242,5,-0.7763350184195928,-1.09157743359201,-0.4053884373457314,-0.39123605657045313,-0.7072948468415334,-0.9233779111932565
2021-02-01,278.7960518226056,5,1.0081766807192651,0.7444409800804762,-0.20307561345330938,-0.34866699356215003,0.1803561934501531,0.22311296005641196
2022-02-01,212.8023001661059,5,0.0804944787211625,0.29264960242225113,0.4601747828982737,0.3404432776522774,0.5553136446644475,0.5621796750156862
2020-03-01,226.15443614987248,5,0.1512177946861691,-0.5342394827907527,-0.1266383981733099,-0.3453084762264979,-0.46837597471478076,-0.8419317242604926
2021-03-01,238.47505697249449,5,0.4225370382012714,0.8605076728624997,0.061593517398530764,-0.16425540136882583,0.25815405874694014,0.34184400551866745
2022-03-01,260.7316192649728,5,0.8899320375764345,-0.006159845999575655,0.6754456343902291,0.6154371641807139,0.6959721346153668,0.7019506793321968
2020-04-01,110.18869117399404,5,1.0980782203543866,0.21886316809674713,-0.03313683757001229,0.0863823354297944,0.026248274849763106,-0.5366304426289631
2021-04-01,100.9153640446932,5,1.0070061102526557,1.1727793023496467,0.6147005418682379,0.18478853020744837,0.2262614661576718,0.32137578573506626
2022-04-01,20.455688391168337,5,-0.10788938747056316,0.25314116582290364,0.47738384356514885,0.4279505667381501,0.23771611740479381,0.7551692365426924
2019-05-01,-106.08462638855482,5,-0.6780502566454467,-0.652627301483351,-1.1101982895722449,-0.8271796267937296,-0.8377348545795453,-0.13321595580826062
2020-05-01,-80.09304084502413,5,0.229911049437486,0.804782489166192,-0.1528382487542476,0.11076976485050442,0.11432329230062924,-0.6725502675497023
2021-05-01,-120.97501975747024,5,-1.5311027090924876,0.42363088222807643,0.6857622149894042,0.05401865125497154,-0.05470041810902662,-0.04489730574856695
2022-05-01,-115.06957966867878,5,-1.1457355618181537,-0.12765237437124888,0.0669667878492296,0.2605168496452135,0.2065496817739067,0.7631795131676983
2019-06-01,-151.56393303991626,5,0.616447736648365,-0.05968871773215857,-0.7761251847741272,-0.8234171455929415,-0.6964498125844192,0.03215634851451838
2020-06-01,-162.39081663553787,5,-0.010455796946894694,0.8822304239956608,-0.015692418626092518,0.22328027592073216,0.05073607428757736,-0.3576823193779406
2021-06-01,-166.66694014995693,5,-0.28165620273185427,0.3363254753150292,0.7123186466573284,0.07748845612382967,-0.08565239493776086,0.07191101011301487
2022-06-01,-155.51885912837182,5,0.3992667003174228,-0.4855821419473325,-0.424081730670574,0.24935960628322182,0.26424667547867614,0.8140833078533776
2019-07-01,-208.18658166375252,5,-0.5935831474363404,-0.34241245529052766,-0.8543368385868134,-0.894308441378639,-0.660992798754731,-0.09115348806343679
2020-07-01,-206.1868563620437,5,-0.20531951854838743,0.10058740551803522,0.12237986916592976,-0.07856224985819718,0.05918135383644029,-0.3875459257389403
2021-07-01,-204.33407828421025,5,0.11567946972594378,-1.178135555734269,0.7141289589117518,0.285166988889806,-0.0743325693921976,0.19849797362644092
2022-07-01,-209.96833168512256,5,-0.9738380088598353,-0.7882269101546784,-0.07424603017938336,0.2180731049194502,0.22670683871803904,0.8079027815807581
2019-08-01,-215.560978436746,5,-0.3036117547116198,-0.06244477974790835,-0.6643117813640492,-1.126517686121876,-0.8449861063634888,-0.4796386690218601
2020-08-01,-228.00104968629475,5,-1.356220734676496,-0.9857759124024585,0.5598708307608707,-0.3078404848345608,0.003490125447889617,-0.24392532110872772
2021-08-01,-214.2456441207737,5,-0.2156704502196114,-0.48605715661037135,0.29058535993867174,0.6214318927022009,0.009505412180684656,0.41141741978527785
2022-08-01,-224.3380584736016,5,-0.9979442334077151,-0.6870738329955252,-0.29972015536009916,-0.03979815935128133,0.19748530840892337,0.4434786415606417
2019-09-01,-133.32230748140518,5,-0.5898897751283958,-0.7401022320614681,-0.5330714366114342,-1.0350711124357117,-1.0730337743421783,-0.7581492121025598
2020-09-01,-121.70289949369732,5,-0.2801484999330385,-0.7179945002147758,0.6782076779050149,-0.22474919437841367,0.13335792285381762,-0.16035069842979438
2021-09-01,-103.918443028842,5,0.19907292230554474,-0.06331611691141502,0.45841782618205895,0.8178286916685718,0.17805579366073018,0.437861995897672
2022-09-01,-133.08611364494973,5,-0.5836828389062275,-0.9296131721141514,-1.467144290837081,-0.7436467824579264,0.0910354948624629,0.22742755168521134
2019-10-01,57.13335410281852,5,1.2858809288967872,0.20291425559412254,-0.06387337212503243,-0.7432588797520369,-0.8507301101160353,-0.811763458502702
2020-10-01,-31.10231777196725,5,-1.1646379926425472,-1.1843858744087872,-1.0304252511594287,-0.36914342988759435,-0.47736988529372376,-0.37794076516752684
2021-10-01,5.998351948892548,5,0.0984669877069699,-0.131995752667519,-0.6984018893169617,0.7684994752386645,0.3818546384820937,0.05347720335207626
2022-10-01,58.40276091742825,5,1.3076769551424108,0.08381048694034858,-0.36514549557700393,0.037581496790904105,0.3900039416643033,0.22913796850781973
2019-11-01,85.838992545211,5,0.33681485652326537,0.5565812118892329,0.41525777517670526,-0.19116195141990444,-0.7881975757552335,-0.5957753622432794
2020-11-01,28.267484677730124,5,-0.9904444366575282,-1.2829928919901794,-1.3303880607085414,-0.32295583955150065,-0.843617394112594,-0.41902664903220244
2021-11-01,102.86613818847484,5,0.7243232633180681,0.49092733905402136,0.24313049797761122,0.5869671779532362,0.9011336802086083,0.2556088951987357
2022-11-01,24.85627104447136,5,-1.0620574415697306,-0.2956483161439792,-0.46020009517303867,-0.4005461013057595,-0.020381276758070575,0.19598613840061294
2019-12-01,127.8464337934862,5,-0.3370938015160395,0.505552967444152,0.09115142404625486,-0.05080709413007077,-0.6613787652921235,-0.6204848254155109
2020-12-01,142.3426587701382,5,0.09452437150174522,-1.1573393597739678,-1.235851916611106,-0.42629312425185395,-0.7855503296311542,-0.5588308803129479
2021-12-01,224.82155475784825,5,1.432165205664992,1.254571178700301,0.9739638203482891,0.9520757429238982,1.3290454846456543,0.6282249351071059
2022-12-01,149.04961732144685,5,0.2653542982556408,0.0014002716077612708,-0.4091596837150889,-0.7452628805646168,-0.6397263890119662,0.18367887885007572
2020-01-01,90.7530229106545,6,0.726594015926522,-0.22685022903117746,-0.270864732551472,-0.28034323684346624,0.13293965414103742,-0.205505418094719
2021-01-01,-97.93480210344885,6,-1.3763727848864482,-2.310892348423545,-1.9940685494953332,-1.6086243800992621,-0.523990709581689,-0.6464569985829839
2022-01-01,78.66951653277002,6,0.6247810105880609,2.0940466843105177,1.6370547445312562,1.5195353869135522,1.59423239608018,0.5734293672612503
2020-02-01,11.027776400526108,6,0.0806116684693643,-0.23408069430636877,-0.2982318998376027,-0.1278662454174391,0.1470133151300516,-0.30055948828477097
2021-02-01,156.74686337244714,6,1.959782351887332,-0.6744454206947734,-0.7831070660603876,-0.5526955269804473,0.1090173766157808,-0.1323769190276888
2022-02-01,14.98728794941917,6,0.1408082310618707,1.61094797779214,1.6941596601381008,1.5515381953849907,1.1306876111258855,0.6084411480602067
2020-03-01,49.8992044039569,6,0.7592523242501704,1.1537986056928478,-0.0856687196858778,-0.01748609014946288,0.09652733460016033,-0.045114367205226526
2021-03-01,-98.9702044228078,6,-1.3730879621742533,-0.6041379417401483,-1.4161839959789937,-1.2649668369589935,-0.5414294569284983,-0.5563075920244538
2022-03-01,-73.8976716074813,6,-1.0547250657037246,0.027226174787552775,1.8314253825638644,1.687477373657937,1.420966515376382,0.32297526829392237
2020-04-01,21.836054245204597,6,1.1064988198858026,1.0122227277541718,0.5418009503988632,0.46325575296794824,0.40697809557001513,0.08956771377028773
2021-04-01,-90.440161638881,6,0.15282226414209005,0.2458700297988872,-1.3959621169070164,-1.3775553150379864,-1.2332422671382357,-0.46077504006922293
2022-04-01,-147.99202682871845,6,-0.7584953067277369,-0.9423443447048564,1.3385620828047051,1.4383457332139,1.2710868397543742,-0.09304121096659543
2019-05-01,-198.76514228251293,6,-0.8238196752613519,0.7651075278032222,-0.4371194498046775,-0.1453868541666803,-0.06497522918778464,0.04742627277439312
2020-05-01,-175.9647288706487,6,0.5867535168329346,1.113945328458959,0.5343368282451714,0.42531434177961,0.5310748298823682,0.0915192869667574
2021-05-01,-194.77640107558767,6,-0.5173850010041294,-0.8214869169240708,-1.2468658694298345,-1.406099933915998,-1.2981783302695562,-0.6299052161501635
2022-05-01,-198.14357998590032,6,-0.774337580793953,-1.052788182710176,0.9860754283990472,1.3151497924065456,1.2416975110462674,0.0289637928162998
2019-06-01,-169.31851864496542,6,1.2342805728073336,0.5026202704221358,-0.024992144763688384,-0.04032269643217114,0.012347639210843246,0.1713163136641405
2020-06-01,-179.87478890643956,6,0.07602732313380216,1.048089424259083,1.4165879329617628,0.4052587735624533,0.47294191875471864,0.29110918505008754
2021-06-01,-183.3865605160944,6,-0.3358946262346694,-0.03634199216383308,-0.6155355869508977,-1.3486017816921854,-1.2974404545644571,-0.13479488669275214
2022-06-01,-185.25578979292047,6,-0.5502226900775105,-0.8550732021822323,-0.6336664155959538,1.2969826949881016,1.2247397569101897,0.5355212075070573
2019-07-01,-203.87020362586048,6,0.15734763087370335,-0.003395897542643066,0.6682680480647867,-0.3774549972236515,0.005992718305150399,0.33425417229591026
2020-07-01,-190.0155739953072,6,1.3421608514159373,0.7968950725301789,1.002992142635026,0.6209730506938846,0.5235294654456689,0.786521825711647
2021-07-01,-211.70738244048704,6,-0.6928660734889494,-0.641963557001528,0.07848159330557741,-1.4396450080579355,-1.3632709110827215,-0.46443192405922973
2022-07-01,-206.83884862797157,6,-0.15670795370026047,-0.6554312466107309,-0.9456784097674651,1.1824013158222704,1.2061444739560154,0.9375859882095018
2019-08-01,-225.019929864278,6,0.9687700078779048,0.8456607835152486,0.7913756210763404,-0.29731538167032767,-0.03291323135453504,0.29954027038784753
2020-08-01,-224.89953834148676,6,0.9797711780953566,0.981866471306647,1.1170524956793662,0.6120766273440111,0.5252322826542305,0.8646450241485725
2021-08-01,-237.73610135394375,6,-0.4523551994517037,-0.6506992824858311,-0.8193688020331434,-1.221450659402504,-1.4111574154298099,-0.4699057122921713
2022-08-01,-236.77759162331796,6,-0.3320787099266833,-0.48248742266588474,-1.001753479883279,0.8612761446280172,1.2089658002857064,0.38802104787645925
2019-09-01,-221.32789384659472,6,0.275557957176595,0.4882705367111467,0.5484718665184092,0.029211478129641758,0.006170446349410439,0.3263683049207879
2020-09-01,-225.9485366409962,6,0.036122985052954214,0.7885906051079833,1.0375556741093186,1.4110185233279122,0.47618430186252764,0.591781743483974
2021-09-01,-234.4482134432209,6,-0.48353338646395133,-0.8735091865433371,-0.1978197068425559,-0.7167431974329838,-1.3946920441215929,-0.7776355710177413
2022-09-01,-201.4471159731323,6,1.0369847604216484,0.6584194083189895,-0.46008256659983865,-0.506509501253283,1.2993980650540178,0.9739966615375413
2019-10-01,-153.28162897639316,6,-0.25136398765254364,-0.10870442475619765,-0.09450720731143983,0.4836345773096278,-0.26855024128593724,-0.1258519788180573
2020-10-01,-98.55542148336448,6,0.4834588776010077,0.4671499196726506,0.620247205581837,0.9892439953575886,0.6615636160393986,0.5403886682640651
2021-10-01,-107.2491162263341,6,0.3841124251361341,0.13863860378860057,-0.07024898339744912,0.09987132188665106,-1.140592887725794,-1.0255495698281722
2022-10-01,-169.0874580464383,6,-0.5176746679256197,-0.20832799452278725,-0.3826758841837178,-0.8677860276460232,0.8629613472674901,0.8002110272140176
2019-11-01,27.12821961749825,6,0.19959475943152488,-0.21723590088141792,-0.03166061647644662,0.5277511159221948,-0.3215103689223931,-0.04375572478273964
2020-11-01,-44.27703900354882,6,-1.0387324142168055,-0.43775163459240535,-0.19964996861656162,0.7113544315349316,0.3644839482108895,0.3265685859748598
2021-11-01,84.24541162579658,6,1.0927544617935545,0.6817289412173111,0.48482000605201114,-0.37202621389197743,-0.7536473674878221,-0.7776766684159574
2022-11-01,119.12709578473284,6,1.5386432940365635,0.737465903657081,0.5755037831771973,-0.5062830193654615,1.0718750035768916,1.1870473774625734
2019-12-01,-100.89806617576208,6,-1.3157244333783695,-0.9408978857076276,-0.795450973085211,-0.4919271226980182,-0.6876329548855193,-0.5131776394765675
2020-12-01,-102.5192724613674,6,-1.3394593481441475,-1.0820302175533538,-0.8649891574812744,-0.10633757709734555,0.3692878440777412,-0.22668825945736137
2021-12-01,307.51527726490826,6,1.816017260638779,1.7200069281639743,1.5183772086399543,1.395525716011976,1.0738710564171328,0.36565538570137707
2022-12-01,189.28203179724684,6,1.3452148948732299,1.2340686594605463,1.2025303099505897,0.777713802984888,0.6035328237683213,1.6495869822557694
2020-01-01,8.408230165731908,7,1.0209894725885431,-0.3309108296836742,-0.47298322455090214,-0.49636670173496106,-0.01007803132542663,-0.10386418294742938
2021-01-01,-218.54577200843963,7,-1.6379824539978385,-2.090818426334647,-1.9917171377220524,-1.6457272028598728,-0.6054875521301127,-0.8863674535614527
2022-01-01,-108.9282651554505,7,0.06832991432259937,1.682668533456163,1.7856451224151648,1.6743752229735438,1.0794167831561379,0.024626293493577138
2020-02-01,-43.58287446627443,7,0.3596078649486702,0.11212832921415827,-0.3951582679575117,-0.2804027696757215,-0.094067244955979,-0.03885651963429556
2021-02-01,-21.58196230739003,7,0.6623106595114174,-1.9394282550657715,-1.7572006073625368,-1.4781242923316587,-0.5052745726216562,-0.6675564091853772
2022-02-01,-143.08460114504322,7,-1.010611537724916,0.579457331382279,1.7827135525882323,1.7048229629024716,0.4439750233285451,-0.6098485594803772
2020-03-01,-33.18865039702902,7,0.8879209335303133,1.3242906913430006,0.3785423240435942,0.34581696664726946,0.4020988832756648,0.34806700539154123
2021-03-01,-203.15469447367624,7,-1.4433142934959915,-1.675209837872747,-2.407645469346823,-2.34240667300482,-1.8200497095642825,-1.3114671889662652
2022-03-01,-182.56511269236316,7,-1.198418485897777,-1.582144812715304,1.1238203794545165,1.0633474910460334,0.7862512217738863,-1.131153153871791
2020-04-01,-132.59795863698673,7,0.5823368533180613,0.7132152486625164,0.3427914816097041,0.3660578050889146,0.35072379045429747,0.1551662318341953
2021-04-01,-143.20283673369573,7,0.42972262394710586,-0.4282657246727894,-1.9909789611749678,-2.0253395443308353,-1.923989706781986,-1.1106372605585961
2022-04-01,-193.2881806113196,7,-0.9176468284144084,-1.4109351738593037,0.3241929676170992,0.583622070954989,0.4122310959901939,-1.4405234060856302
2019-05-01,-213.04308228784515,7,-0.7876726999973807,0.32586069358829634,0.1461637201759974,0.1778317143419879,0.22026490282932834,0.5046411190603902
2020-05-01,-202.5728429533059,7,0.09789556985930253,0.7541139676630235,0.5881365418244892,0.3247841809310614,0.46745618684551415,0.3165820832099837
2021-05-01,-206.11878800507984,7,-0.1714359211774073,-0.9593073789819874,-2.145642218234646,-2.024622203754709,-2.0332627143303346,-0.9312229243348678
2022-05-01,-202.7527001787341,7,0.08496214713898873,-1.2179171173710146,-0.4950902619847286,0.5333569435084764,0.46592557966504194,-1.6454885121427543
2019-06-01,-179.43689316822827,7,1.1656681959678654,0.5847888720887855,0.01677974013641672,0.27905705394877317,0.3068475441551028,0.3070988121436412
2020-06-01,-187.79199582487303,7,0.4910119132037953,0.554404716456404,1.3216734267942942,0.3730556517216989,0.36318523587893237,0.15375507892353346
2021-06-01,-200.65911620512736,7,-0.7770101174076782,0.20758409963959404,-1.282679686573191,-1.9417486466852274,-1.9232644930476634,-0.4088903816625389
2022-06-01,-201.8564266598107,7,-0.8973212214242776,-0.8596791847216426,-1.499627945559916,0.47249798235186863,0.41879004352496346,-0.9256006601519337
2019-07-01,-216.9317638215105,7,-0.15222547557658606,0.042479304618902945,0.4647692609798085,-0.006964374395372307,0.2642776981043498,0.6647056030724017
2020-07-01,-198.14724123866225,7,1.5737086678566201,0.7161491555298253,0.7491786066923671,0.419338408359001,0.46127348873274904,0.6183548153346251
2021-07-01,-220.25559268099568,7,-0.5524054069126582,-0.6220415888548991,-0.48870415248543525,-1.8574775453914003,-1.8900788084150728,-0.9007146930972402
2022-07-01,-219.58317885610947,7,-0.4706428099441098,-0.511065561241338,-1.3351777890529506,0.17617584591285335,0.3777738267575505,-0.22891813994342158
2019-08-01,-243.552896270804,7,0.2666813524198745,0.5397791450094597,0.36616047785648687,0.2039577585824946,0.24472405494979965,0.3922139670956155
2020-08-01,-236.95771814263765,7,1.4721047078197373,1.2761756254734933,0.8478047101008251,0.6882918437428912,0.4976311293725407,0.5673222540201065
2021-08-01,-244.048661493658,7,0.15657010997175863,-0.6516310352966327,-0.9217293747644335,-1.9862033605246712,-1.8881202897384588,-1.0253869144357435
2022-08-01,-246.5413002112393,7,-0.4204948909746881,-0.7879180860588886,-1.1616093226215285,-0.526708087155957,0.34899759057347773,-0.4160179633570987
2019-09-01,-258.0346367333853,7,0.08353645700752017,-0.17448252945553988,0.4935625027002341,-0.009861220494466133,0.24697603034216128,0.13786164878631776
2020-09-01,-260.5962449606819,7,-0.3833440332712172,1.2591526927521466,0.7106068773871353,1.3513107664777462,0.501925081772615,0.5835729209878382
2021-09-01,-260.0210521047969,7,-0.266345234412861,-0.690595711144304,0.004658236504048058,-1.265859810094613,-1.9707628571149982,-1.780819005482807
2022-09-01,-254.07560391384428,7,0.597318235902943,-0.318489088954063,-0.8487815759941484,-1.4499063735644993,0.4171389722482259,0.3032117303703149
2019-10-01,-224.53880850951728,7,0.194996852168432,0.07690861838639979,-0.015606769810688014,0.41836077613101086,0.03161131943974015,0.26444063732218537
2020-10-01,-171.0985005409068,7,0.8166293262316746,0.8572741811739472,0.9565640360132089,0.9281828839718186,0.6817617360635275,0.7346009574909264
2021-10-01,-194.9861056681625,7,0.5924838718132175,0.5043704172326844,0.12447534551152893,-0.2554176604312257,-1.6183064632255117,-1.850346219388246
2022-10-01,-250.13965472079963,7,-0.3705231127179558,-0.4560107396040884,-0.662980324111944,-1.338649922766951,0.05272471581547818,0.19387249480027463
2019-11-01,-136.32925549186203,7,-0.6841042149923565,-0.7265859621433189,-0.6130384108197623,-0.15839225115389266,-0.15779632748392663,-0.15154824300039257
2020-11-01,-46.594910859223205,7,0.6654565389604342,0.8535392483445408,1.0755637298589784,1.1945342754888388,1.0835456495041784,0.8946429791774271
2021-11-01,17.354241113331597,7,1.2481513420290098,1.1646005164595055,1.0621077806374213,0.010062669519123905,-1.3965419872089477,-0.8474757656805357
2022-11-01,152.17364800341235,7,1.9802357781738675,1.670662903675754,1.7592891578892118,0.4019020733434253,0.6861091053727478,1.2592355484181361
2019-12-01,-186.69286175481625,7,-1.2110484593959288,-1.3832703832461697,-1.3795433406723063,-0.9739138780779858,-0.9729128281382536,-0.7170821348324279
2020-12-01,-250.63668652671117,7,-1.9590513763310866,-0.6247736869688268,-0.4650670560337256,-0.1864478151880465,0.7828124642201145,-0.09726908469836046
2021-12-01,84.0009978530579,7,1.8010042069384968,1.7948509065546547,1.7841134178880895,1.4448412296825195,0.4657596053151693,0.16164450416404544
2022-12-01,-67.30544546517385,7,0.3343622172759164,1.4998938050173214,1.4837938735544007,1.0009285473309766,-0.16807322784734977,1.3143714349610125
2020-01-01,-61.88988553238448,8,0.8399767574297954,-0.9762137147093319,-1.0465501896597622,-1.2010671947162042,-0.9220115130745485,-0.9861109057296267
2021-01-01,-227.8705402000461,8,-0.8791941819375769,-1.8645526959252852,-2.126006169350115,-2.098399354158352,-1.2862423219677432,-1.8138784633171388
2022-01-01,-162.98584790003304,8,0.09707371810030274,1.8966263831701964,1.5313920418719615,1.4454406034680696,1.3007506469777093,0.4867534228161656
2020-02-01,-169.10770678732132,8,-0.28399067520702753,-0.2068947678750001,-2.206767028938483,-2.1653613042477553,-1.4592984986884763,-1.3145487280414094
2021-02-01,-6.057015572314896,8,1.3563229226368716,-1.0498757572408999,-0.7172456900149005,-1.2113357688198125,-0.27576429219290993,-1.5984380570271701
2022-02-01,-73.92265709264146,8,0.8826112023868256,1.7071752166923402,1.622640332014996,1.5053168088973814,1.0883386338158016,0.872437917953368
2020-03-01,-60.39773448224878,8,0.9007172963061627,1.0074959676075423,-0.9000261690670961,-0.849420189818895,-0.8242723286148683,-0.8322947029434388
2021-03-01,-202.5253462297289,8,-1.2007858354391927,-0.21623306617817456,-1.7734237534184603,-2.0759069553324947,-2.2063337193764845,-1.6120064548797874
2022-03-01,-194.77966132861064,8,-1.0084542591914483,-0.1655473074367743,1.4388195974514821,1.4674580307313092,1.229995698632591,0.5327784868996879
2020-04-01,-152.50385007740198,8,-0.03249886510133204,0.16641727753213142,-0.8270710029727335,-0.8246674200159102,-1.0619781080916273,-0.9975146967724925
2021-04-01,-152.65952979719077,8,-0.03877948843752035,0.3670609817251125,-2.335394319409549,-1.5871702767338745,-2.0928731350937064,-1.808061969535478
2022-04-01,-166.93814515879987,8,-0.7149924701024046,-0.35558028937874575,1.4853503851466134,1.3647613971207317,1.2089497728667984,0.16556101160864573
2019-05-01,-169.94892488230894,8,-2.2023604164202517,-0.1284655663640397,-1.0893092321657518,-0.30123146333158934,-0.41802604697448714,0.15458282663019351
2020-05-01,-140.28231419542976,8,0.41506998713348714,0.734890788653311,0.20047865816669874,-0.8765625466674399,-0.7490797205434047,-1.412479955371399
2021-05-01,-158.13641475725728,8,-1.1345642810129934,-1.182266047217235,-1.8475466131535654,-1.6668838356609654,-1.9951053037682147,-0.9255666556487961
2022-05-01,-161.42791363911914,8,-1.4350450073657801,-1.359619565020355,1.2346443436458068,1.2993655581155283,1.2234828876330717,0.3600452660921959
2019-06-01,-124.68353814623036,8,0.4344007521584916,-0.044541563174722326,-1.542381121524369,-0.16955366969657007,-0.3078366278364501,-0.28459304714151423
2020-06-01,-147.0803076331781,8,-2.0869189504649164,-0.5331980208300491,0.77447978052296,-0.9692603933835032,-0.9190149174985383,-1.8509116146287532
2021-06-01,-138.50985714734026,8,-0.6786575622971566,-0.9171675615853212,-0.5134878556367657,-1.7049258913607641,-1.9385709024530469,-0.6828058501059675
2022-06-01,-144.03354195935188,8,-1.4513968920630034,-2.181977822872737,-0.7119097158660382,1.2389164629146396,1.202269269560818,0.7084655386977633
2019-07-01,-129.8406112100721,8,0.35489954352559727,-0.788867251145127,-0.27604853584523725,-0.4583762713224815,-0.23845583623597735,-0.17612930269946087
2020-07-01,-141.86567137292548,8,-1.5307528808142088,-1.0394452080595769,-0.009149221253370416,-1.0082323308974595,-1.013551778215447,-0.921922593592411
2021-07-01,-143.22487996810443,8,-1.7683516938244768,-1.649081670063108,0.08848282927811757,-2.332911703315181,-1.8750788085325194,-1.2008383585009452
2022-07-01,-139.78293418947692,8,-1.172644525239948,-1.989032459997223,-0.6983223431945568,1.345387504081636,1.2133038365006734,0.998241718028483
2019-08-01,-153.9836383133317,8,1.2043852202161625,0.719926295207205,0.01957488691536357,-0.9403736113498807,-0.17335029777763342,-0.509898634208131
2020-08-01,-164.07349912545033,8,-0.024940063744594218,-1.8825244106119807,0.4328972349409533,0.01807688882638405,-1.1175022099659977,-0.9434599983884677
2021-08-01,-157.09923537926204,8,0.8925554882089318,-0.7425496366702755,-1.3699029311659459,-2.0088384561403942,-1.796588568062609,-1.099832334566827
2022-08-01,-164.58459008956126,8,-0.10466264531710745,-1.4634278861209882,-1.733486197178214,1.1227217902211526,1.1954028891716957,0.5614020535360269
2019-09-01,-195.0165558102782,8,-0.636925528247059,0.20864815548571322,0.039099931463345755,-1.5478865645444904,-0.15341532430263188,-0.48135904669511265
2020-09-01,-206.86931763467487,8,-1.7669897132573087,-2.180063116652334,-1.642631399025761,0.5624815223241503,-1.3183879642537943,-1.1689106645441836
2021-09-01,-197.7878734093092,8,-0.883047943986475,-0.997027743801918,-1.3723777095034706,-0.7364312906477438,-1.9268747827456632,-2.0702534886853288
2022-09-01,-181.93757662082484,8,0.3486159491292185,-0.21004468346895636,-2.0142033828962416,-0.8095606962034335,1.2300165337509337,0.9746512753892104
2019-10-01,-175.44798936814126,8,0.07031839579302909,-0.05041888748736154,-0.4083857071742385,-0.28794690568939413,-0.3635316259003968,-0.35148671487695266
2020-10-01,-101.5048830138294,8,1.022267691093354,0.800006467593754,0.4056174512412346,0.3141821006516853,-0.4521734695254112,-0.6660177052975499
2021-10-01,-147.82506660052394,8,0.5138168568363878,0.34526585603994214,-0.2858761635660308,0.1675059368341415,-2.323509682059582,-1.8501435409442282
2022-10-01,-200.15854377312863,8,-0.47331603652493476,-0.5162687592143643,-1.331234941914641,-0.8111695001840378,1.1525085098969927,0.9030795892112518
2019-11-01,-172.64809893339793,8,-1.8787136792014865,-1.4988756791784617,-1.4850006199511274,-1.2803729756212796,-1.67687194453685,-1.4787019061437923
2020-11-01,-62.90802988403999,8,-0.21728801429059172,0.12937267709024622,-0.13339006992088046,0.3821574072799829,0.11212301396267157,-0.42358280983625324
2021-11-01,17.3013164806286,8,0.6803400537025027,0.5361607256073763,0.4232944755840069,-0.3188004997649025,-1.0799427682541758,-1.137070318861888
2022-11-01,153.58438003012225,8,1.6192771323942237,1.3502578670961076,1.1421608859601866,0.24386087667499845,1.4515824098416057,1.1175225840153424
2019-12-01,-151.29248731403922,8,-0.8772577154670315,-1.7556567450593963,-1.7015877317726678,-1.757757889444516,-1.8859640347798834,-1.4946094256912401
2020-12-01,-240.18148937443488,8,-1.9231852177126507,-0.8930668208045327,-1.1572528526431787,-1.3462837311406157,-0.5749989639788383,-1.5532916143348356
2021-12-01,194.6980584052612,8,1.8954556919601282,1.4999611129893435,1.4367703865456158,1.297693679259798,1.0955556510536535,0.4094094307357869
2022-12-01,183.8134563415677,8,1.8468204744690655,1.6830160524328606,1.6572165858172914,1.4734604659443429,1.3864360119428016,1.918088091440315
