,pai,rh100,year,month,polygon_id,number,datetime,date
0,,,2019.0,4.0,1.0,2273,2019-04-01,04-19
8,4.19486434182651,3048.4296176192406,2019.0,5.0,1.0,12727,2019-05-01,05-19
16,4.121918573785297,3052.654489581537,2019.0,6.0,1.0,22005,2019-06-01,06-19
24,4.1538147447632285,3067.90695628956,2019.0,7.0,1.0,29049,2019-07-01,07-19
32,4.111967008291434,3071.0168181879585,2019.0,8.0,1.0,12615,2019-08-01,08-19
40,4.150749979062438,3019.589150994338,2019.0,9.0,1.0,32363,2019-09-01,09-19
48,4.126591426743902,2989.2328316595836,2019.0,10.0,1.0,19839,2019-10-01,10-19
56,4.13694004001516,2936.128805815161,2019.0,11.0,1.0,21684,2019-11-01,11-19
64,4.181493373597691,3029.5013687600645,2019.0,12.0,1.0,6627,2019-12-01,12-19
72,4.173661833511009,3072.7599415861605,2020.0,1.0,1.0,8949,2020-01-01,01-20
80,4.075569354560151,2997.821933859908,2020.0,2.0,1.0,2228,2020-02-01,02-20
88,4.0626953347706865,2975.989526982012,2020.0,3.0,1.0,34907,2020-03-01,03-20
96,4.103391100447819,3009.8412438047867,2020.0,4.0,1.0,390,2020-04-01,04-20
103,4.2137028217040156,3037.8102055800296,2020.0,5.0,1.0,21400,2020-05-01,05-20
111,4.215533895882881,3039.8303620185666,2020.0,6.0,1.0,40862,2020-06-01,06-20
301,4.215706631967275,3015.5987522071805,2020.0,7.0,1.0,0,2020-07-01,07-20
125,4.009068701162657,2969.5474554082803,2020.0,8.0,1.0,1613,2020-08-01,08-20
132,3.9559356444099665,2953.3146842187743,2020.0,9.0,1.0,10609,2020-09-01,09-20
139,4.050161638692751,3010.7683044798027,2020.0,10.0,1.0,540,2020-10-01,10-20
146,3.911783916348284,2960.551134899963,2020.0,11.0,1.0,18830,2020-11-01,11-20
154,4.048622188291326,2981.9411597709095,2020.0,12.0,1.0,15567,2020-12-01,12-20
162,3.941447011896108,2913.442275115257,2021.0,1.0,1.0,46619,2021-01-01,01-21
170,3.977747298171748,2916.1743081421446,2021.0,2.0,1.0,31084,2021-02-01,02-21
178,3.771474472341358,2815.642721483633,2021.0,3.0,1.0,4720,2021-03-01,03-21
302,4.06238681964522,2941.5635646909755,2021.0,4.0,1.0,0,2021-04-01,04-21
192,4.230813738016545,2976.283065755485,2021.0,5.0,1.0,2383,2021-05-01,05-21
200,4.220378583050883,3000.9252162699477,2021.0,6.0,1.0,58783,2021-06-01,06-21
208,4.226433438221959,3000.0024320653606,2021.0,7.0,1.0,31889,2021-07-01,07-21
216,4.218402947754475,3037.6049939418162,2021.0,8.0,1.0,4309,2021-08-01,08-21
224,4.230346056346537,3030.5965994020926,2021.0,9.0,1.0,43859,2021-09-01,09-21
303,4.174203826975249,3017.342553723833,2021.0,10.0,1.0,0,2021-10-01,10-21
239,4.137826434477297,3001.178195564083,2021.0,11.0,1.0,64054,2021-11-01,11-21
247,4.128448109134448,3001.5771151119325,2021.0,12.0,1.0,5785,2021-12-01,12-21
254,4.05498703796869,2922.694470931474,2022.0,1.0,1.0,46526,2022-01-01,01-22
262,4.046203464963815,2903.8438008266558,2022.0,2.0,1.0,17954,2022-02-01,02-22
270,3.977222437478472,2847.3992999622137,2022.0,3.0,1.0,2537,2022-03-01,03-22
277,4.039376572042719,2954.084396777989,2022.0,4.0,1.0,29792,2022-04-01,04-22
285,4.048968952843803,2970.026500876161,2022.0,5.0,1.0,11867,2022-05-01,05-22
304,,,2022.0,6.0,1.0,0,2022-06-01,06-22
1,,,2019.0,4.0,2.0,1634,2019-04-01,04-19
9,4.2483020384323975,2567.591182026717,2019.0,5.0,2.0,6015,2019-05-01,05-19
17,4.184317273750207,2590.5513259498903,2019.0,6.0,2.0,21995,2019-06-01,06-19
25,4.314816516987995,2691.5716624226993,2019.0,7.0,2.0,14337,2019-07-01,07-19
33,4.225473153210647,2656.177308070109,2019.0,8.0,2.0,40640,2019-08-01,08-19
41,4.1892320981361255,2613.9319759010345,2019.0,9.0,2.0,29520,2019-09-01,09-19
49,4.106607937666635,2555.9542369298697,2019.0,10.0,2.0,32583,2019-10-01,10-19
57,4.131916437669156,2579.4757966561874,2019.0,11.0,2.0,23053,2019-11-01,11-19
65,4.245649738973248,2595.1160379092175,2019.0,12.0,2.0,348,2019-12-01,12-19
73,4.202835871076003,2477.093596059113,2020.0,1.0,2.0,14690,2020-01-01,01-20
81,4.266417801857734,2587.7342163070166,2020.0,2.0,2.0,27592,2020-02-01,02-20
89,4.284461654593483,2620.880815886992,2020.0,3.0,2.0,35108,2020-03-01,03-20
97,4.2606053087060385,2672.7322017340334,2020.0,4.0,2.0,446,2020-04-01,04-20
104,4.23797290873745,2604.5338098444963,2020.0,5.0,2.0,29958,2020-05-01,05-20
112,4.231710871458107,2758.1564616270884,2020.0,6.0,2.0,34932,2020-06-01,06-20
119,4.205390910026789,2740.057562870442,2020.0,7.0,2.0,13225,2020-07-01,07-20
126,4.067099614971051,2685.3040527644052,2020.0,8.0,2.0,11569,2020-08-01,08-20
133,4.009994942626681,2365.6407914336305,2020.0,9.0,2.0,22359,2020-09-01,09-20
140,3.955912205844703,2355.8075368485033,2020.0,10.0,2.0,1653,2020-10-01,10-20
147,3.8717042221782116,2478.689701668633,2020.0,11.0,2.0,8893,2020-11-01,11-20
155,4.088567872236232,2652.665420215977,2020.0,12.0,2.0,25052,2020-12-01,12-20
163,4.136980884379627,2668.255581333963,2021.0,1.0,2.0,25691,2021-01-01,01-21
171,4.246187595006213,2671.245862226874,2021.0,2.0,2.0,21238,2021-02-01,02-21
179,4.150389777936525,2540.5686375740447,2021.0,3.0,2.0,14215,2021-03-01,03-21
186,4.072458405929632,2826.051458131655,2021.0,4.0,2.0,1349,2021-04-01,04-21
193,4.06408702471448,2697.058089712964,2021.0,5.0,2.0,17492,2021-05-01,05-21
201,4.082309688248159,2692.978111748566,2021.0,6.0,2.0,33905,2021-06-01,06-21
209,4.144220122546646,2602.2137267497883,2021.0,7.0,2.0,12747,2021-07-01,07-21
217,4.12150377263844,2624.2324573950714,2021.0,8.0,2.0,21842,2021-08-01,08-21
225,4.133029615555064,2624.2963719321483,2021.0,9.0,2.0,14349,2021-09-01,09-21
232,4.026748037677175,2476.5709058943717,2021.0,10.0,2.0,18163,2021-10-01,10-21
240,4.009337268999966,2485.31295683241,2021.0,11.0,2.0,9579,2021-11-01,11-21
248,3.9561601042830716,2496.8601622947726,2021.0,12.0,2.0,2767,2021-12-01,12-21
255,4.009920567083626,2563.3796638306703,2022.0,1.0,2.0,14149,2022-01-01,01-22
263,4.02714661048113,2559.566752288744,2022.0,2.0,2.0,7179,2022-02-01,02-22
271,3.9474173136979025,2407.1753098556933,2022.0,3.0,2.0,9038,2022-03-01,03-22
278,3.8968075365261763,2423.436015110362,2022.0,4.0,2.0,12264,2022-04-01,04-22
286,3.8554405099012734,2409.708476492846,2022.0,5.0,2.0,10729,2022-05-01,05-22
307,,,2022.0,6.0,2.0,0,2022-06-01,06-22
2,,,2019.0,4.0,3.0,1314,2019-04-01,04-19
10,4.289623041619508,2724.586385572771,2019.0,5.0,3.0,9214,2019-05-01,05-19
18,4.341205578592134,2760.2436270838534,2019.0,6.0,3.0,28842,2019-06-01,06-19
26,4.344498344560732,2758.639485749006,2019.0,7.0,3.0,34046,2019-07-01,07-19
34,4.374282816798629,2773.0034950630575,2019.0,8.0,3.0,9528,2019-08-01,08-19
42,4.243877079330993,2689.403158378181,2019.0,9.0,3.0,31675,2019-09-01,09-19
50,4.291400813000294,2695.077062327657,2019.0,10.0,3.0,43714,2019-10-01,10-19
58,4.226857250795813,2643.8497674418604,2019.0,11.0,3.0,19625,2019-11-01,11-19
66,4.410783454045121,2658.3640080815853,2019.0,12.0,3.0,1161,2019-12-01,12-19
74,3.6207631775664892,2249.2557624113474,2020.0,1.0,3.0,2,2020-01-01,01-20
82,4.031178286511753,2532.6410849952517,2020.0,2.0,3.0,1093,2020-02-01,02-20
90,4.031251139911552,2532.6549922830345,2020.0,3.0,3.0,15753,2020-03-01,03-20
310,4.124819161629065,2630.9245854591836,2020.0,4.0,3.0,0,2020-04-01,04-20
105,4.109898846839551,2702.474395732889,2020.0,5.0,3.0,9335,2020-05-01,05-20
113,4.109898846839551,2702.474395732889,2020.0,6.0,3.0,53096,2020-06-01,06-20
311,4.090850919491864,2691.238323037517,2020.0,7.0,3.0,0,2020-07-01,07-20
312,,,2020.0,8.0,3.0,0,2020-08-01,08-20
313,,,2020.0,9.0,3.0,0,2020-09-01,09-20
314,3.3304727758510637,1983.1063829787233,2020.0,10.0,3.0,0,2020-10-01,10-20
148,3.8100393693323658,2267.9402031930335,2020.0,11.0,3.0,94,2020-11-01,11-20
156,4.024540683156994,2462.8059488093004,2020.0,12.0,3.0,6796,2020-12-01,12-20
164,4.109236472729119,2531.4886477366963,2021.0,1.0,3.0,35774,2021-01-01,01-21
172,4.139316636627772,2559.586338659761,2021.0,2.0,3.0,27372,2021-02-01,02-21
180,4.234682080680746,2636.5003628710356,2021.0,3.0,3.0,186,2021-03-01,03-21
315,3.9607459154488267,2545.0176627147353,2021.0,4.0,3.0,0,2021-04-01,04-21
194,4.018322931032649,2640.8112328767124,2021.0,5.0,3.0,3947,2021-05-01,05-21
202,4.0159939577368275,2640.0358275552835,2021.0,6.0,3.0,39853,2021-06-01,06-21
210,4.020292044498207,2647.8205624233274,2021.0,7.0,3.0,1919,2021-07-01,07-21
218,4.300712975162296,2728.1245343470687,2021.0,8.0,3.0,616,2021-08-01,08-21
226,4.308872112173539,2730.3846284091796,2021.0,9.0,3.0,76118,2021-09-01,09-21
233,4.247901564208174,2689.093446301896,2021.0,10.0,3.0,44,2021-10-01,10-21
241,4.081810827099229,2575.9561699490428,2021.0,11.0,3.0,29000,2021-11-01,11-21
316,4.070049101407809,2524.910154992411,2021.0,12.0,3.0,0,2021-12-01,12-21
256,3.9742047746905063,2391.022503082614,2022.0,1.0,3.0,14486,2022-01-01,01-22
264,3.9742047746905063,2391.022503082614,2022.0,2.0,3.0,1734,2022-02-01,02-22
317,3.950969695826395,2474.986245917475,2022.0,3.0,3.0,0,2022-03-01,03-22
279,4.02083948072793,2521.804486251809,2022.0,4.0,3.0,20005,2022-04-01,04-22
287,4.051655275056389,2600.3496112996827,2022.0,5.0,3.0,21455,2022-05-01,05-22
293,4.1134513148599385,2639.7745820750006,2022.0,6.0,3.0,31604,2022-06-01,06-22
299,4.178286678341199,2702.3572368486143,2022.0,7.0,3.0,31047,2022-07-01,07-22
300,,,2022.0,8.0,3.0,38422,2022-08-01,08-22
3,,,2019.0,4.0,4.0,2329,2019-04-01,04-19
11,4.2686124345919545,3182.0052278230246,2019.0,5.0,4.0,11397,2019-05-01,05-19
19,4.328696999922453,3205.6418544037574,2019.0,6.0,4.0,22618,2019-06-01,06-19
27,4.3349044291502805,3258.1981544545756,2019.0,7.0,4.0,43487,2019-07-01,07-19
35,4.361505936267576,3290.60995994489,2019.0,8.0,4.0,24925,2019-08-01,08-19
43,4.250917791915365,3250.4489669463464,2019.0,9.0,4.0,41187,2019-09-01,09-19
51,4.24470353353844,3208.568120027279,2019.0,10.0,4.0,32334,2019-10-01,10-19
59,4.131074278332238,3112.284377778637,2019.0,11.0,4.0,36454,2019-11-01,11-19
67,4.227231095946548,3103.6290793672233,2019.0,12.0,4.0,8813,2019-12-01,12-19
75,4.107761336830572,2912.2098797445788,2020.0,1.0,4.0,13964,2020-01-01,01-20
83,4.147330291090613,2983.0969433894015,2020.0,2.0,4.0,8074,2020-02-01,02-20
91,3.933885649818194,2896.2914955221872,2020.0,3.0,4.0,5607,2020-03-01,03-20
98,4.099484732934278,3015.975592703235,2020.0,4.0,4.0,1170,2020-04-01,04-20
106,4.147490852548292,3082.8970853878827,2020.0,5.0,4.0,24689,2020-05-01,05-20
114,4.179323094839284,3094.417426983378,2020.0,6.0,4.0,35590,2020-06-01,06-20
120,4.269782578319926,3145.387617704243,2020.0,7.0,4.0,16005,2020-07-01,07-20
127,4.299192392283843,3145.2005990612647,2020.0,8.0,4.0,79560,2020-08-01,08-20
134,4.287343598693043,3123.6396279038695,2020.0,9.0,4.0,66355,2020-09-01,09-20
141,4.24572732229916,3088.8295178411563,2020.0,10.0,4.0,33716,2020-10-01,10-20
149,4.168005786214406,3022.632673267327,2020.0,11.0,4.0,9395,2020-11-01,11-20
157,4.112051100768011,3015.9309241361475,2020.0,12.0,4.0,15469,2020-12-01,12-20
165,4.158558396414281,2996.5375952997133,2021.0,1.0,4.0,6073,2021-01-01,01-21
173,4.102217778404252,2973.405347450245,2021.0,2.0,4.0,7052,2021-02-01,02-21
181,4.08323953938051,2958.7976516988915,2021.0,3.0,4.0,31644,2021-03-01,03-21
187,4.0398918073594805,2986.2837959367207,2021.0,4.0,4.0,5421,2021-04-01,04-21
195,4.15383672537697,3081.9379765509743,2021.0,5.0,4.0,11861,2021-05-01,05-21
203,4.147677957470606,3103.3686520203137,2021.0,6.0,4.0,47113,2021-06-01,06-21
211,4.1882077005942655,3077.430282891986,2021.0,7.0,4.0,13490,2021-07-01,07-21
219,4.180377388166439,3155.605485996858,2021.0,8.0,4.0,27876,2021-08-01,08-21
227,4.191277101890709,3141.4063987209993,2021.0,9.0,4.0,66217,2021-09-01,09-21
234,4.148115676011684,3131.848485844869,2021.0,10.0,4.0,13491,2021-10-01,10-21
242,4.011785206415747,2840.045879323032,2021.0,11.0,4.0,11531,2021-11-01,11-21
249,3.905148721134945,2766.5577785799,2021.0,12.0,4.0,2158,2021-12-01,12-21
257,3.9058244855331234,2726.4694072657744,2022.0,1.0,4.0,5704,2022-01-01,01-22
265,4.004139784289157,2789.611477210324,2022.0,2.0,4.0,9920,2022-02-01,02-22
272,4.003638470497466,2800.8579487307493,2022.0,3.0,4.0,17154,2022-03-01,03-22
280,4.039360540214016,2866.031243954343,2022.0,4.0,4.0,12989,2022-04-01,04-22
288,3.978718746775324,2869.835681645088,2022.0,5.0,4.0,11209,2022-05-01,05-22
294,,,2022.0,6.0,4.0,2062,2022-06-01,06-22
4,,,2019.0,4.0,5.0,4280,2019-04-01,04-19
12,3.8692146889991994,2670.7522682062977,2019.0,5.0,5.0,42174,2019-05-01,05-19
20,3.9306551765534974,2685.4696187142517,2019.0,6.0,5.0,35990,2019-06-01,06-19
28,3.855930430851701,2716.9356120260527,2019.0,7.0,5.0,44395,2019-07-01,07-19
36,3.8122140792679136,2705.911976390267,2019.0,8.0,5.0,45974,2019-08-01,08-19
44,3.6835955016044752,2667.5775077086146,2019.0,9.0,5.0,28565,2019-09-01,09-19
52,3.695557725250843,2684.970364619586,2019.0,10.0,5.0,8485,2019-10-01,10-19
60,3.5645926448723024,2477.5680626021153,2019.0,11.0,5.0,304,2019-11-01,11-19
68,3.7808095801945885,2667.5863788179486,2019.0,12.0,5.0,2840,2019-12-01,12-19
76,3.7375730637932545,2618.737478326699,2020.0,1.0,5.0,17515,2020-01-01,01-20
84,3.747118946670049,2648.159732521531,2020.0,2.0,5.0,20594,2020-02-01,02-20
92,3.7246727573374576,2504.0082640854716,2020.0,3.0,5.0,324,2020-03-01,03-20
99,3.666084146612752,2463.8899236204716,2020.0,4.0,5.0,22886,2020-04-01,04-20
107,3.813796226182559,2627.181197891711,2020.0,5.0,5.0,25756,2020-05-01,05-20
115,3.7832101305897017,2644.0520234452138,2020.0,6.0,5.0,55708,2020-06-01,06-20
121,3.683009902367582,2604.394058613216,2020.0,7.0,5.0,61337,2020-07-01,07-20
128,3.602742681548016,2551.605427406172,2020.0,8.0,5.0,100278,2020-08-01,08-20
135,3.56440119632906,2512.616784597508,2020.0,9.0,5.0,80637,2020-09-01,09-20
142,3.6044067281661283,2544.3543960578127,2020.0,10.0,5.0,30791,2020-10-01,10-20
150,3.555970548554893,2512.1545750608175,2020.0,11.0,5.0,15811,2020-11-01,11-20
158,3.489237476208802,2677.521334122755,2020.0,12.0,5.0,4370,2020-12-01,12-20
166,3.377922881386809,2518.050356506239,2021.0,1.0,5.0,5154,2021-01-01,01-21
174,3.52715330071472,2658.6171143794822,2021.0,2.0,5.0,1696,2021-02-01,02-21
182,3.6029924689835493,2601.768984035186,2021.0,3.0,5.0,26058,2021-03-01,03-21
188,3.6287038572028996,2538.3596987738238,2021.0,4.0,5.0,13399,2021-04-01,04-21
196,3.87057955505472,2627.7719038933265,2021.0,5.0,5.0,42342,2021-05-01,05-21
204,3.8408067430023296,2661.327928923988,2021.0,6.0,5.0,71451,2021-06-01,06-21
212,3.844645873331439,2704.2180600667693,2021.0,7.0,5.0,12832,2021-07-01,07-21
220,3.640556473976325,2601.5268963191706,2021.0,8.0,5.0,70578,2021-08-01,08-21
228,3.6664992501950273,2579.0587809373355,2021.0,9.0,5.0,29282,2021-09-01,09-21
235,3.5301608619854377,2447.5175879396984,2021.0,10.0,5.0,6484,2021-10-01,10-21
243,3.528830523696838,2427.3599324161237,2021.0,11.0,5.0,3238,2021-11-01,11-21
250,3.508766712720288,2363.201047995628,2021.0,12.0,5.0,10993,2021-12-01,12-21
258,3.5029030246039192,2336.6412176347094,2022.0,1.0,5.0,16876,2022-01-01,01-22
266,3.5504412142709922,2367.933544721892,2022.0,2.0,5.0,15001,2022-02-01,02-22
273,3.59511506757964,2441.6714761746084,2022.0,3.0,5.0,21106,2022-03-01,03-22
281,3.670465651269277,2545.1035703404955,2022.0,4.0,5.0,23913,2022-04-01,04-22
289,3.680141093766533,2571.912271814788,2022.0,5.0,5.0,23910,2022-05-01,05-22
295,,,2022.0,6.0,5.0,5478,2022-06-01,06-22
5,,,2019.0,4.0,6.0,20241,2019-04-01,04-19
13,0.7371289337168735,1051.6679490262081,2019.0,5.0,6.0,57750,2019-05-01,05-19
21,0.6810611867288918,1022.4931883433821,2019.0,6.0,6.0,38461,2019-06-01,06-19
29,0.6615937296083408,1034.0620419784973,2019.0,7.0,6.0,43109,2019-07-01,07-19
37,0.5985379414555301,1007.4120325933792,2019.0,8.0,6.0,46972,2019-08-01,08-19
45,0.5894895177539411,991.0612978369385,2019.0,9.0,6.0,56820,2019-09-01,09-19
53,0.5969772750538879,962.5175035939127,2019.0,10.0,6.0,31433,2019-10-01,10-19
61,0.7720455926942484,997.4730897646853,2019.0,11.0,6.0,12612,2019-11-01,11-19
69,0.8654390324164766,1022.2122430741733,2019.0,12.0,6.0,18552,2019-12-01,12-19
77,0.9085098208261154,1048.6793273025316,2020.0,1.0,6.0,40452,2020-01-01,01-20
85,0.9157542421213763,1045.8824147813189,2020.0,2.0,6.0,23351,2020-02-01,02-20
93,0.9308394418145794,1062.406528785749,2020.0,3.0,6.0,5636,2020-03-01,03-20
100,0.8616074949974573,1059.800459664445,2020.0,4.0,6.0,40735,2020-04-01,04-20
108,0.7926434731289239,1042.7271693630212,2020.0,5.0,6.0,84159,2020-05-01,05-20
116,0.7560004653885063,1036.2322784117478,2020.0,6.0,6.0,71235,2020-06-01,06-20
122,0.6503554640165081,997.2078674068368,2020.0,7.0,6.0,45632,2020-07-01,07-20
129,0.6059593367786549,977.0889068462402,2020.0,8.0,6.0,109027,2020-08-01,08-20
136,0.6105254853021126,977.5098922802266,2020.0,9.0,6.0,68091,2020-09-01,09-20
143,0.7595697668303816,1025.524256991648,2020.0,10.0,6.0,54780,2020-10-01,10-20
151,1.0132092928095633,1121.5382337182998,2020.0,11.0,6.0,37928,2020-11-01,11-20
159,1.1049174497854062,1130.4694161765817,2020.0,12.0,6.0,41676,2020-12-01,12-20
167,1.0724495597773573,1114.887484814188,2021.0,1.0,6.0,39593,2021-01-01,01-21
175,0.8979363067101918,1031.2941031732564,2021.0,2.0,6.0,15038,2021-02-01,02-21
183,0.9209165435451465,1042.7063840869876,2021.0,3.0,6.0,63229,2021-03-01,03-21
189,0.8640203270366078,1018.8827838827839,2021.0,4.0,6.0,13884,2021-04-01,04-21
197,0.6931217370496099,936.5085177334298,2021.0,5.0,6.0,2057,2021-05-01,05-21
205,0.7497903372897123,1005.253846040494,2021.0,6.0,6.0,61427,2021-06-01,06-21
213,0.7121936431694755,992.3720345131774,2021.0,7.0,6.0,72240,2021-07-01,07-21
221,0.6776793912382381,987.0308938494867,2021.0,8.0,6.0,57912,2021-08-01,08-21
229,0.6291421013942686,949.7073093540006,2021.0,9.0,6.0,60954,2021-09-01,09-21
236,0.666458463860781,952.9762532662344,2021.0,10.0,6.0,17001,2021-10-01,10-21
244,1.0217136356007148,1079.661524128936,2021.0,11.0,6.0,4709,2021-11-01,11-21
251,1.0527588293662193,1033.8083116517826,2021.0,12.0,6.0,5125,2021-12-01,12-21
259,0.94534548574935,959.2979071082899,2022.0,1.0,6.0,4387,2022-01-01,01-22
267,0.8916092814941857,969.209397986837,2022.0,2.0,6.0,6399,2022-02-01,02-22
274,0.8950099497832197,1023.3330330122208,2022.0,3.0,6.0,30542,2022-03-01,03-22
282,0.9024421966023849,1030.1283357593402,2022.0,4.0,6.0,49633,2022-04-01,04-22
290,0.9153398328902014,1050.3715830096728,2022.0,5.0,6.0,31119,2022-05-01,05-22
296,,,2022.0,6.0,6.0,94,2022-06-01,06-22
6,,,2019.0,4.0,7.0,18999,2019-04-01,04-19
14,0.44852986913073883,805.398663235312,2019.0,5.0,7.0,59731,2019-05-01,05-19
22,0.4271385463804889,798.6608876515538,2019.0,6.0,7.0,85248,2019-06-01,06-19
30,0.34722605116098715,776.3695761692242,2019.0,7.0,7.0,9834,2019-07-01,07-19
38,0.284377504804178,763.6627123177745,2019.0,8.0,7.0,73641,2019-08-01,08-19
46,0.28342843422603914,765.2534315910696,2019.0,9.0,7.0,66065,2019-09-01,09-19
54,0.32055859189747016,799.4794895829846,2019.0,10.0,7.0,75646,2019-10-01,10-19
62,0.46385213731329034,861.3894646733315,2019.0,11.0,7.0,37515,2019-11-01,11-19
70,0.6266959414664028,931.4816989140621,2019.0,12.0,7.0,50384,2019-12-01,12-19
78,0.7179667794549786,904.1426455459289,2020.0,1.0,7.0,20947,2020-01-01,01-20
86,0.7031577204747927,869.7271282842471,2020.0,2.0,7.0,90027,2020-02-01,02-20
94,0.6944421667288643,867.5,2020.0,3.0,7.0,62734,2020-03-01,03-20
101,0.5787885097191539,829.5892099552848,2020.0,4.0,7.0,33473,2020-04-01,04-20
109,0.4971052005455031,810.9560585401327,2020.0,5.0,7.0,78454,2020-05-01,05-20
117,0.46981532668974224,798.8043499161423,2020.0,6.0,7.0,108093,2020-06-01,06-20
123,0.45267850767650225,815.6155196665799,2020.0,7.0,7.0,675,2020-07-01,07-20
130,0.37286227740767847,791.5234052352038,2020.0,8.0,7.0,83182,2020-08-01,08-20
137,0.3784936561341591,793.0063384814897,2020.0,9.0,7.0,115906,2020-09-01,09-20
144,0.5084306996126298,796.2657450668104,2020.0,10.0,7.0,13739,2020-10-01,10-20
152,0.7208238967777278,837.0622077572577,2020.0,11.0,7.0,78182,2020-11-01,11-20
160,0.717044876897628,839.0674426490125,2020.0,12.0,7.0,145895,2020-12-01,12-20
168,0.6932777129923618,833.3694555606692,2021.0,1.0,7.0,135725,2021-01-01,01-21
176,0.6525379321730955,826.1462159000408,2021.0,2.0,7.0,46479,2021-02-01,02-21
184,0.6095586805624965,806.9312767163584,2021.0,3.0,7.0,80223,2021-03-01,03-21
190,0.5919424464107377,816.5501182602602,2021.0,4.0,7.0,3836,2021-04-01,04-21
198,0.32671627143597565,717.9398141953243,2021.0,5.0,7.0,7265,2021-05-01,05-21
206,0.36546895399224516,769.9155498629275,2021.0,6.0,7.0,93525,2021-06-01,06-21
214,0.35903326722298956,770.5377860837764,2021.0,7.0,7.0,121720,2021-07-01,07-21
222,0.35293222841026844,771.6377189730498,2021.0,8.0,7.0,8422,2021-08-01,08-21
230,0.29302429192299023,716.1488040285354,2021.0,9.0,7.0,82955,2021-09-01,09-21
237,0.35294571040066786,715.6749279489613,2021.0,10.0,7.0,3943,2021-10-01,10-21
245,0.61553365434871,781.9114159891599,2021.0,11.0,7.0,30033,2021-11-01,11-21
252,0.6325549926373214,786.4108565502287,2021.0,12.0,7.0,42776,2021-12-01,12-21
260,0.6435242317996839,784.0056414196924,2022.0,1.0,7.0,12043,2022-01-01,01-22
268,0.5934595712348228,766.440649734064,2022.0,2.0,7.0,47992,2022-02-01,02-22
275,0.5514704059053864,772.6736460002963,2022.0,3.0,7.0,27016,2022-03-01,03-22
283,0.536947298000948,776.5651428647653,2022.0,4.0,7.0,73478,2022-04-01,04-22
291,0.5415059952456551,787.0897555501,2022.0,5.0,7.0,49438,2022-05-01,05-22
297,,,2022.0,6.0,7.0,19649,2022-06-01,06-22
7,,,2019.0,4.0,8.0,1076,2019-04-01,04-19
15,1.3413275923989143,1406.8431138145636,2019.0,5.0,8.0,18040,2019-05-01,05-19
23,1.314941657548515,1390.6885722946347,2019.0,6.0,8.0,9325,2019-06-01,06-19
31,1.2291752724323117,1341.1063319078494,2019.0,7.0,8.0,22120,2019-07-01,07-19
39,1.1077497791474071,1248.887675973596,2019.0,8.0,8.0,4800,2019-08-01,08-19
47,0.9657270340097244,1147.1819908343998,2019.0,9.0,8.0,19891,2019-09-01,09-19
55,1.029058651932654,1175.608722741433,2019.0,10.0,8.0,23751,2019-10-01,10-19
63,1.1135059603504622,1218.9169061517737,2019.0,11.0,8.0,12533,2019-11-01,11-19
71,1.3640031740470073,1329.942434901302,2019.0,12.0,8.0,8256,2019-12-01,12-19
79,1.545533829745823,1409.590339369603,2020.0,1.0,8.0,17307,2020-01-01,01-20
87,1.6262679039455907,1450.4961804538386,2020.0,2.0,8.0,25738,2020-02-01,02-20
95,1.5125142046984006,1374.5623249953333,2020.0,3.0,8.0,1332,2020-03-01,03-20
102,1.4035422225370315,1339.0445037953332,2020.0,4.0,8.0,15786,2020-04-01,04-20
110,1.3792816151355782,1351.5131551645434,2020.0,5.0,8.0,18452,2020-05-01,05-20
118,1.3975957135217052,1384.9494335759275,2020.0,6.0,8.0,13956,2020-06-01,06-20
124,1.2346269765280768,1237.0471410680573,2020.0,7.0,8.0,12523,2020-07-01,07-20
131,1.2668475802956936,1242.360050093926,2020.0,8.0,8.0,27020,2020-08-01,08-20
138,1.2425180049084332,1229.8440062320176,2020.0,9.0,8.0,35516,2020-09-01,09-20
145,1.3008536736618228,1280.542490225471,2020.0,10.0,8.0,25397,2020-10-01,10-20
153,1.4611268522150833,1380.4567500574963,2020.0,11.0,8.0,3796,2020-11-01,11-20
161,1.8526660127514902,1595.491365005224,2020.0,12.0,8.0,9940,2020-12-01,12-20
169,1.8995757382890885,1635.6189411839837,2021.0,1.0,8.0,2535,2021-01-01,01-21
177,1.4450002683928416,1312.7774055335249,2021.0,2.0,8.0,3184,2021-02-01,02-21
185,1.4721712317355478,1332.5181992643531,2021.0,3.0,8.0,38159,2021-03-01,03-21
191,1.595283766575021,1411.8632208636293,2021.0,4.0,8.0,21187,2021-04-01,04-21
199,1.5088799083866593,1377.9496882872882,2021.0,5.0,8.0,50817,2021-05-01,05-21
207,1.5348116425328453,1408.139590103973,2021.0,6.0,8.0,21672,2021-06-01,06-21
215,1.1098081699188405,1207.2020952035998,2021.0,7.0,8.0,10898,2021-07-01,07-21
223,1.0437786448177024,1179.0653657350415,2021.0,8.0,8.0,39213,2021-08-01,08-21
231,0.9829460845511652,1151.7464845319405,2021.0,9.0,8.0,15688,2021-09-01,09-21
238,0.8571835017664461,1072.8436703706623,2021.0,10.0,8.0,19769,2021-10-01,10-21
246,1.220677473850628,1208.4085719951279,2021.0,11.0,8.0,2610,2021-11-01,11-21
253,1.5314888973179157,1318.2169054736626,2021.0,12.0,8.0,12922,2021-12-01,12-21
261,1.567903099240474,1335.7906541463105,2022.0,1.0,8.0,32973,2022-01-01,01-22
269,1.5353538027841878,1333.9275982618356,2022.0,2.0,8.0,17149,2022-02-01,02-22
276,1.489077141140915,1291.9969253069203,2022.0,3.0,8.0,11092,2022-03-01,03-22
284,1.4539518395166169,1288.320350517727,2022.0,4.0,8.0,17292,2022-04-01,04-22
292,1.4975175697089174,1328.1606604535693,2022.0,5.0,8.0,26278,2022-05-01,05-22
298,,,2022.0,6.0,8.0,7183,2022-06-01,06-22
