,month,polygon_id,year,temperature,radiation,fpar,datetime
0,1,1,2010,29.55199324845682,14981109.601388888,89.71793981481481,2010-01-01
1,1,1,2011,29.48969011264363,16108871.43904158,89.07423067888183,2011-01-01
2,1,1,2012,29.57381609195405,14081010.045320198,88.86206896551724,2012-01-01
3,1,1,2013,29.696767443480717,13852968.141916607,89.32321385028041,2013-01-01
4,1,1,2014,29.01058432900436,14229912.561818182,88.8869696969697,2014-01-01
5,1,1,2015,28.251253968253998,11276252.438095238,87.7547619047619,2015-01-01
6,1,1,2016,29.26718097974825,16254894.05862069,87.84655172413792,2016-01-01
7,1,1,2017,29.073548277535206,14021129.484716156,89.63609898107714,2017-01-01
8,1,1,2018,28.924408720456427,13455053.579462104,88.45619396903017,2018-01-01
9,1,1,2019,28.525118397085638,12338305.524590164,88.19672131147541,2019-01-01
10,1,1,2020,30.19919650398255,15328349.353107344,89.49387947269302,2020-01-01
11,1,1,2021,29.7559169199595,13562362.08662614,88.53381458966565,2021-01-01
12,1,1,2022,28.78933319921911,17422705.488627452,89.96666666666667,2022-01-01
13,1,2,2010,29.69539929236865,15452432.954328561,87.45927062031356,2010-01-01
14,1,2,2011,28.576761152089947,13611877.867228663,89.27449947312961,2011-01-01
15,1,2,2012,29.42211574952565,13143223.407969639,87.89642631246046,2012-01-01
16,1,2,2013,28.81375092798815,13638052.498886414,87.24239049740164,2013-01-01
17,1,2,2014,29.55145295202955,13695771.27490775,87.78444034440344,2014-01-01
18,1,2,2015,29.54608921671938,13013320.389884088,88.13698630136986,2015-01-01
19,1,2,2016,29.34614867898917,16735435.5,87.84210526315789,2016-01-01
20,1,2,2017,29.428698672911818,13583365.234192038,87.06381733021077,2017-01-01
21,1,2,2018,29.92390780141847,14656511.83718779,88.87981806968855,2018-01-01
22,1,2,2019,29.300143523502005,13448436.594187299,88.65034086831719,2019-01-01
23,1,2,2020,28.72176327924096,15176293.437616387,87.01295779019243,2020-01-01
24,1,2,2021,29.138074712643707,14683506.399425287,86.67169540229885,2021-01-01
25,1,2,2022,28.297942903535837,15781954.51078636,88.7667594525632,2022-01-01
26,1,3,2010,28.676928236756577,13638508.550200803,87.43022088353413,2010-01-01
27,1,3,2011,28.669356622998574,13757412.930131005,88.7141557496361,2011-01-01
28,1,3,2012,27.988002594033752,11916067.322957199,86.95330739299611,2012-01-01
29,1,3,2013,28.878455119530926,13824131.880920162,87.91858367162833,2013-01-01
30,1,3,2014,28.784586171310657,13857217.904024769,87.53379772961817,2014-01-01
31,1,3,2015,28.317176923076953,12655494.215384616,87.37820512820512,2015-01-01
32,1,3,2016,30.91696383512949,16576161.963978074,88.89206473505612,2016-01-01
33,1,3,2017,27.66191037735852,12241842.45754717,88.64858490566037,2017-01-01
34,1,3,2018,28.846324819908347,13838767.332023576,87.40307793058284,2018-01-01
35,1,3,2019,27.74082897033162,12293812.869109947,86.70855148342059,2019-01-01
36,1,3,2020,29.445093873595976,15588875.096345514,88.8298034330011,2020-01-01
37,1,3,2021,28.021235127478782,12921660.16430595,86.52502360717658,2021-01-01
38,1,3,2022,28.960474934895863,14305557.63671875,89.28857421875,2022-01-01
39,1,4,2010,29.419879101899856,14486240.953367876,85.51986183074266,2010-01-01
40,1,4,2011,26.287368421052662,12839845.07236842,87.27741228070175,2011-01-01
41,1,4,2012,29.025164835164865,12667136.373626374,87.03846153846153,2012-01-01
42,1,4,2013,27.163839285714314,11745567.482142856,86.92410714285714,2013-01-01
43,1,4,2014,27.28995849546047,14174611.330739299,86.3545719844358,2014-01-01
44,1,4,2015,28.741944758317672,14166102.809792845,85.87539234149403,2015-01-01
45,1,4,2016,28.886345081967242,13901543.598360656,89.06953551912568,2016-01-01
46,1,4,2017,28.64568214804067,13111737.994194485,89.40275761973875,2017-01-01
47,1,4,2018,28.111246376811618,14037199.269565217,86.44782608695652,2018-01-01
48,1,4,2019,25.84562500000003,12659151.5,85.71875,2019-01-01
49,1,4,2020,27.946278700906372,14367651.83081571,88.76900805639477,2020-01-01
50,1,4,2021,27.974074074074103,13394373.456790123,88.60185185185185,2021-01-01
51,1,4,2022,27.71051663128099,13327122.93418259,85.4267515923567,2022-01-01
52,1,5,2010,28.091066384180824,12972074.144067796,85.37146892655367,2010-01-01
53,1,5,2011,26.758186423505602,13130804.796352584,88.66210739614995,2011-01-01
54,1,5,2012,28.67365174129356,11571135.176119404,87.21194029850746,2012-01-01
55,1,5,2013,28.332823529411794,12729905.403921569,89.19019607843137,2013-01-01
56,1,5,2014,28.457565032679767,15102287.711764706,88.05106209150327,2014-01-01
57,1,5,2015,28.455218247991997,16047291.237951808,87.2972515060241,2015-01-01
58,1,5,2016,28.433943089430922,11916497.548780488,87.05182926829268,2016-01-01
59,1,5,2017,27.150231004901993,14819034.731617646,89.37561274509804,2017-01-01
60,1,5,2018,28.989584593036483,15482918.003813155,89.0355894502701,2018-01-01
61,1,5,2019,27.673053140096645,15376277.14699793,88.17546583850931,2019-01-01
62,1,5,2020,27.39464351851855,14242871.933333334,88.62407407407407,2020-01-01
63,1,5,2021,29.144288476411475,15832530.686774941,86.66125290023201,2021-01-01
64,1,5,2022,28.569517479074378,14380864.127031019,89.03618906942393,2022-01-01
65,1,6,2010,31.41129954969412,17442348.056603774,65.13651168014376,2010-01-01
66,1,6,2011,30.798738636363662,15542033.403030302,63.98623737373737,2011-01-01
67,1,6,2012,29.493047008547038,16277119.495726496,53.485992402659065,2012-01-01
68,1,6,2013,34.53732186800898,14041030.761744967,66.17435682326621,2013-01-01
69,1,6,2014,30.614482286376848,18953666.400568184,63.49556107954545,2014-01-01
70,1,6,2015,32.164696713406215,19541082.859673023,61.42574931880109,2015-01-01
71,1,6,2016,31.05692486967191,11713622.60901564,60.59122968414597,2016-01-01
72,1,6,2017,33.68648680294244,18557117.903647624,64.68467538426245,2017-01-01
73,1,6,2018,31.55484905531134,18186312.177431908,62.93326848249027,2018-01-01
74,1,6,2019,32.181743952485434,19632639.34540577,61.23407109322602,2019-01-01
75,1,6,2020,31.612059312119236,15156249.322916666,66.39221643518518,2020-01-01
76,1,6,2021,32.43793794361062,19644773.473256603,64.71439855563078,2021-01-01
77,1,6,2022,31.138905140751046,16222955.749190938,56.95529935275081,2022-01-01
78,1,7,2010,31.28001347088172,19548320.37984496,69.66241386735572,2010-01-01
79,1,7,2011,30.695229202028646,17631700.42903435,71.06421473320371,2011-01-01
80,1,7,2012,30.99807419173371,18251514.358582348,64.10145934676859,2012-01-01
81,1,7,2013,33.85123945476015,15682178.577009767,56.53963185574756,2013-01-01
82,1,7,2014,31.428103027924337,20084597.281028938,67.90519828510182,2014-01-01
83,1,7,2015,32.78799645298169,19848728.424202994,67.23172847538495,2015-01-01
84,1,7,2016,30.808889952153137,12420373.14354067,54.86629452418926,2016-01-01
85,1,7,2017,33.49281469651525,19635088.9003881,62.39289564467443,2017-01-01
86,1,7,2018,34.180038440304,19682287.946370177,67.89404839764552,2018-01-01
87,1,7,2019,33.1806464773563,20697357.260981914,69.17807924203274,2019-01-01
88,1,7,2020,32.287030271508456,16580827.166435506,73.81472491909385,2020-01-01
89,1,7,2021,32.99419863056019,20432935.421359222,67.16477885652642,2021-01-01
90,1,7,2022,29.576347706748727,17101266.394516375,70.12306422949987,2022-01-01
91,1,8,2010,31.300125628980723,20949935.461206898,65.86179956896552,2010-01-01
92,1,8,2011,29.73310229377795,18857834.684210528,70.24427917620137,2011-01-01
93,1,8,2012,28.68861541218641,17757067.98064516,62.4668458781362,2012-01-01
94,1,8,2013,32.37500577030815,17571980.950588234,63.90705882352941,2013-01-01
95,1,8,2014,29.924516273938025,19122417.135611907,72.4375229694965,2014-01-01
96,1,8,2015,33.07580337978695,21824769.13972202,66.89984150207266,2015-01-01
97,1,8,2016,35.30838107416882,13546269.071611254,53.33269394714407,2016-01-01
98,1,8,2017,32.50197001922041,20501692.169296987,68.82873027259684,2017-01-01
99,1,8,2018,31.74867678197068,20182194.211320754,68.89764150943397,2018-01-01
100,1,8,2019,30.47223139687409,21642411.01811594,67.0745018115942,2019-01-01
101,1,8,2020,32.960720662183476,17692172.429389313,63.521946564885496,2020-01-01
102,1,8,2021,30.722864797507814,19828019.17009346,65.81448598130841,2021-01-01
103,1,8,2022,29.22074497267334,18716383.830313016,69.82152663371774,2022-01-01
104,2,1,2010,30.67600207684323,15353867.431464175,88.31269470404985,2010-02-01
105,2,1,2011,29.70000000000003,15167596.772277229,84.46534653465346,2011-02-01
106,2,1,2012,28.80193222573843,14116714.740506329,87.5114055907173,2012-02-01
107,2,1,2013,29.41674744897962,13895250.020408163,86.89923469387755,2013-02-01
108,2,1,2014,28.293225806451645,13901079.258064516,85.31451612903226,2014-02-01
109,2,1,2015,29.607488599348564,15065736.267100977,88.17209554831705,2015-02-01
110,2,1,2017,29.708622301304892,14708805.291103203,88.46405693950177,2017-02-01
111,2,1,2018,29.434905193690938,15729613.335907336,87.3101673101673,2018-02-01
112,2,1,2019,30.34566878980895,12818873.27388535,88.60509554140127,2019-02-01
113,2,1,2020,29.356837855297186,13660415.868217055,87.97189922480621,2020-02-01
114,2,1,2021,29.120555555555583,14815245.057291666,85.16276041666667,2021-02-01
115,2,1,2022,29.046193333333363,14364831.296,88.072,2022-02-01
116,2,2,2010,29.913271793701536,15125999.423322683,86.2454739084132,2010-02-01
117,2,2,2011,27.834581081081108,13800889.814414414,87.42432432432433,2011-02-01
118,2,2,2012,29.05531899109795,13347031.255192878,86.2141444114738,2012-02-01
119,2,2,2013,30.31408695652177,12231800.460869566,84.09565217391304,2013-02-01
120,2,2,2014,29.59191382327212,13318865.448818898,88.10061242344707,2014-02-01
121,2,2,2015,30.13266836086407,14351868.706480306,86.49671749258789,2015-02-01
122,2,2,2016,30.14459119496858,13636954.226415094,87.77830188679245,2016-02-01
123,2,2,2017,30.503526315789504,15087404.592982456,88.6233918128655,2017-02-01
124,2,2,2018,29.34761769672411,14351449.961499494,87.33679500168863,2018-02-01
125,2,2,2019,29.934281293952207,14975572.561181435,87.02777777777777,2019-02-01
126,2,2,2020,30.079642574108764,15008100.723435225,88.48435225618631,2020-02-01
127,2,2,2021,28.942488198757793,15414820.2310559,87.57805383022773,2021-02-01
128,2,2,2022,29.04033333333336,13877052.501694916,87.86949152542373,2022-02-01
129,2,3,2010,27.727840579710175,13618851.834782608,87.05869565217391,2010-02-01
130,2,3,2011,29.5775699253225,12605329.309572302,87.75755261371351,2011-02-01
131,2,3,2012,27.591802120141374,11585375.865724381,84.69316843345112,2012-02-01
132,2,3,2013,26.977473118279597,11074190.397849463,85.4489247311828,2013-02-01
133,2,3,2014,27.779016393442653,12007951.975409836,83.55191256830602,2014-02-01
134,2,3,2015,29.032939125295538,14951631.375886524,88.48212174940898,2015-02-01
135,2,3,2016,28.750636856368594,13137586.325203253,88.07831978319783,2016-02-01
136,2,3,2017,28.64349549549553,12794318.172972973,86.85405405405406,2017-02-01
137,2,3,2018,28.99581659388649,13310605.82532751,88.09352256186318,2018-02-01
138,2,3,2019,29.24147652116405,13136539.91468254,87.92592592592592,2019-02-01
139,2,3,2020,28.75948087431697,14675535.023419203,85.87841530054645,2020-02-01
140,2,3,2021,28.7688791171145,14326945.936279548,88.41760877012675,2021-02-01
141,2,3,2022,27.587175925925955,11695126.805555556,85.64583333333333,2022-02-01
142,2,4,2010,29.20268333333336,14473044.43,85.285,2010-02-01
143,2,4,2011,25.780416666666696,12919165.916666666,82.9375,2011-02-01
144,2,4,2012,27.266307692307723,12077457.784615384,81.13846153846154,2012-02-01
145,2,4,2013,27.002222222222247,12333705.555555556,84.86111111111111,2013-02-01
146,2,4,2014,29.807624750499034,12284921.18263473,87.81511976047904,2014-02-01
147,2,4,2015,27.426438095238122,14032132.697142858,85.95428571428572,2015-02-01
148,2,4,2016,28.95853658536588,13986601.609756097,84.76829268292683,2016-02-01
149,2,4,2017,28.1920720720721,13034272.936936937,86.6926926926927,2017-02-01
150,2,4,2018,27.903108986035246,11978386.045537341,88.67501517911354,2018-02-01
151,2,4,2019,26.183333333333376,11439680.0,82.33333333333333,2019-02-01
152,2,4,2020,27.618369870713913,13509754.81281619,89.39966273187184,2020-02-01
153,2,4,2021,26.88289855072467,13509539.913043479,85.76086956521739,2021-02-01
154,2,4,2022,25.662727272727302,12479025.93939394,80.57575757575758,2022-02-01
155,2,5,2010,29.693088566827726,14784069.006763285,88.05507246376811,2010-02-01
156,2,5,2011,28.278025078369936,13246355.598746082,88.87722048066875,2011-02-01
157,2,5,2012,29.224168766704878,14881859.990836198,86.53512791141658,2012-02-01
158,2,5,2013,28.830969595847268,14224745.216907674,87.2741935483871,2013-02-01
159,2,5,2014,27.215777777777802,12783997.066666666,88.65555555555555,2014-02-01
160,2,5,2015,28.60406578947371,13750304.502631579,87.97401315789473,2015-02-01
161,2,5,2016,30.51946478005773,17583059.115044247,89.44395280235987,2016-02-01
162,2,5,2017,28.179080459770145,11815496.948275862,89.27442528735632,2017-02-01
163,2,5,2018,28.775657492354764,13308251.52293578,87.64220183486239,2018-02-01
164,2,5,2019,28.574362222222252,14654592.765333334,87.28222222222222,2019-02-01
165,2,5,2020,28.429768378650582,14694589.716012085,87.46978851963746,2020-02-01
166,2,5,2021,28.199285714285743,12618927.666666666,85.30952380952381,2021-02-01
167,2,5,2022,27.404086646279335,15066219.938837921,88.31455997281685,2022-02-01
168,2,6,2010,31.52279386947434,18983697.022849463,62.95222894265233,2010-02-01
169,2,6,2011,30.437560609650195,16491248.303482587,60.51084853510226,2011-02-01
170,2,6,2012,30.203902489780777,17551492.28896321,64.04676700111483,2012-02-01
171,2,6,2013,31.98802686692731,19353304.239561945,61.73728040155145,2013-02-01
172,2,6,2014,31.037125570049874,16634533.31403118,60.81254639940609,2014-02-01
173,2,6,2015,30.908000861777854,16682904.469552457,59.785155294693084,2015-02-01
174,2,6,2016,31.84638771677059,20576427.71881461,62.961865380197565,2016-02-01
175,2,6,2017,31.18192471950781,14773742.451682953,61.08830980817952,2017-02-01
176,2,6,2018,30.40995083850221,15133498.516884906,66.57707328279348,2018-02-01
177,2,6,2019,31.710821342925687,17441584.106115106,65.2029376498801,2019-02-01
178,2,6,2020,31.06030313467109,16776623.823899372,63.31394129979036,2020-02-01
179,2,6,2021,29.763550228310535,13667646.523972603,68.73259132420091,2021-02-01
180,2,6,2022,30.65757239766085,16290468.48140351,64.69286549707601,2022-02-01
181,2,7,2010,33.110178425813224,19584004.611979168,63.97889539930555,2010-02-01
182,2,7,2011,29.479564155064182,17235479.416871417,66.78705978705979,2011-02-01
183,2,7,2012,31.333255490639306,18740241.6328125,59.14463975694445,2012-02-01
184,2,7,2013,31.811488747764276,20724572.01026299,70.31660252298482,2013-02-01
185,2,7,2014,31.96708301140547,17081940.857615896,61.385416666666664,2014-02-01
186,2,7,2015,31.10327488186993,17932593.06069364,69.25276974951831,2015-02-01
187,2,7,2016,31.738018472112334,22126760.24935065,68.95757575757577,2016-02-01
188,2,7,2017,30.84975663759,16214541.629629629,70.6483983983984,2017-02-01
189,2,7,2018,29.765356894193737,16971012.37597911,66.70641137220773,2018-02-01
190,2,7,2019,31.625283986681772,18619625.77176781,66.75637642919965,2019-02-01
191,2,7,2020,30.567305630061576,17651510.346122447,67.3604081632653,2020-02-01
192,2,7,2021,31.674364474339836,16060925.373692079,68.24140508221225,2021-02-01
193,2,7,2022,28.986670117799424,18420670.596197717,68.76178707224335,2022-02-01
194,2,8,2010,32.95659329153351,19971877.030981068,59.341365461847396,2010-02-01
195,2,8,2011,29.839210341222348,19440460.25948104,58.22554890219561,2011-02-01
196,2,8,2012,30.03925241368028,19026483.154639177,64.2706966572946,2012-02-01
197,2,8,2013,29.929168344777857,19528560.777586207,61.13096264367817,2013-02-01
198,2,8,2014,30.49991153425659,19154050.520408165,68.22130102040816,2014-02-01
199,2,8,2015,30.714538078047134,18652234.81877256,65.39789410348976,2015-02-01
200,2,8,2016,31.840606493981834,21446179.67422334,65.8250769661349,2016-02-01
201,2,8,2017,31.538127340823998,16115816.404494382,64.93820224719101,2017-02-01
202,2,8,2018,28.470333752620572,16254123.798742138,73.49706498951781,2018-02-01
203,2,8,2019,32.46940738021713,20089406.40764331,64.40850583864119,2019-02-01
204,2,8,2020,31.586667812142068,19403576.39175258,59.57054219167622,2020-02-01
205,2,8,2021,28.4449174917492,15250838.12211221,61.10533553355336,2021-02-01
206,2,8,2022,28.91305447552158,18058551.74714662,73.28636230611649,2022-02-01
207,3,1,2010,29.608269116775368,14868370.08584025,84.17427385892117,2010-03-01
208,3,1,2011,29.246405246494827,14543789.74584464,88.67322478516508,2011-03-01
209,3,1,2012,29.133024453024483,12586209.252171814,85.5415057915058,2012-03-01
210,3,1,2013,29.366768388106443,13614624.189553991,87.11424100156493,2013-03-01
211,3,1,2014,29.94693050193053,13660332.065637065,88.38223938223938,2014-03-01
212,3,1,2015,28.198771929824588,12780382.774122806,86.23684210526316,2015-03-01
213,3,1,2016,29.310800000000025,12815690.99,86.66,2016-03-01
214,3,1,2017,31.666843738590757,13872617.43435104,87.70974808324206,2017-03-01
215,3,1,2018,30.507588213213243,13861258.411036037,85.41704204204204,2018-03-01
216,3,1,2019,31.097818181818212,13378437.263636364,87.7090909090909,2019-03-01
217,3,1,2021,29.313795255930117,13702761.642790262,86.68601747815231,2021-03-01
218,3,1,2022,28.28946236559143,13227202.381048387,88.65591397849462,2022-03-01
219,3,2,2010,29.23266040688579,15472550.082536887,88.34221998658619,2010-03-01
220,3,2,2011,28.9339253828609,14448828.417705279,85.72572499185402,2011-03-01
221,3,2,2012,28.696500488758584,12949743.246884163,83.91935483870968,2012-03-01
222,3,2,2013,30.778384666666692,14528071.419,87.64672222222222,2013-03-01
223,3,2,2014,30.153361188486564,12943963.938718664,85.65970287836583,2014-03-01
224,3,2,2015,29.768513638465123,12759351.40794036,87.03582986592696,2015-03-01
225,3,2,2016,29.67989974937346,13136074.872807018,84.14411027568923,2016-03-01
226,3,2,2017,29.753244444444473,13738952.407205882,87.75947712418301,2017-03-01
227,3,2,2018,30.976572187944974,15617412.560548173,88.08842746400886,2018-03-01
228,3,2,2019,29.373823529411794,15260711.330449827,87.02595155709342,2019-03-01
229,3,2,2020,30.470225648213063,14845476.685660476,89.19679981312777,2020-03-01
230,3,2,2021,29.76763681592043,13865598.128731344,85.44527363184079,2021-03-01
231,3,2,2022,29.001958637469617,12904130.829835767,87.76520681265207,2022-03-01
232,3,3,2010,29.59692837690635,14125238.44240196,86.54813453159042,2010-03-01
233,3,3,2011,28.40618706942239,12665535.88622814,87.19952305246423,2011-03-01
234,3,3,2012,28.388933933933963,12531685.131193694,86.18168168168168,2012-03-01
235,3,3,2013,29.03785144927539,12697318.631521739,86.03115942028985,2013-03-01
236,3,3,2014,30.228896637608994,12805081.342465753,86.61052303860524,2014-03-01
237,3,3,2015,28.451640476190505,12835656.050714286,86.97428571428571,2015-03-01
238,3,3,2016,31.247341772151927,11772523.30443038,83.01518987341773,2016-03-01
239,3,3,2017,29.10080213903746,11976751.589237968,87.12032085561498,2017-03-01
240,3,3,2018,29.337332657200843,13750056.606744422,82.70757268424612,2018-03-01
241,3,3,2019,29.304731610715837,15621547.187739464,87.65006385696041,2019-03-01
242,3,3,2020,29.163713974627484,14843448.948255258,88.58381134480561,2020-03-01
243,3,3,2021,29.168776902887167,11653285.342716536,87.93937007874015,2021-03-01
244,3,3,2022,28.42056737588656,11617707.23714539,86.02836879432624,2022-03-01
245,3,4,2010,29.069000000000035,16010101.0375,83.41875,2010-03-01
246,3,4,2011,27.83597938144333,12607991.74935567,83.23453608247422,2011-03-01
247,3,4,2012,29.042941176470613,13013244.672794119,77.47058823529412,2012-03-01
248,3,4,2013,29.121000000000027,13050003.075,86.1,2013-03-01
249,3,4,2014,29.09857692307695,12569694.96923077,86.92948717948718,2014-03-01
250,3,4,2015,28.717272727272757,11288106.779545454,82.99090909090908,2015-03-01
251,3,4,2016,30.570692640692666,11124627.862554112,84.41991341991341,2016-03-01
252,3,4,2017,28.72559139784949,12551259.659274194,84.02150537634408,2017-03-01
253,3,4,2018,27.595117845117873,14552561.746212121,87.24747474747475,2018-03-01
254,3,4,2019,27.609128205128236,15455019.684615385,81.46923076923076,2019-03-01
255,3,4,2020,29.835023148148178,15025475.581018519,84.8881172839506,2020-03-01
256,3,4,2021,27.996684782608728,12756951.418478262,78.72282608695652,2021-03-01
257,3,4,2022,27.69523809523813,11155335.473214285,86.57142857142857,2022-03-01
258,3,5,2010,28.543704150466915,14039468.334394626,89.05472202837869,2010-03-01
259,3,5,2011,26.96577421815411,13701872.033037758,87.941647597254,2011-03-01
260,3,5,2012,27.170262533486444,14460236.889853617,88.26425564485267,2012-03-01
261,3,5,2013,29.838032834945793,14089288.120382586,88.11902667839342,2013-03-01
262,3,5,2014,27.02534722222225,13496954.527777778,88.4386574074074,2014-03-01
263,3,5,2015,27.324808743169427,13853786.328747073,86.71155347384857,2015-03-01
264,3,5,2016,29.070088705234195,13790492.95,86.81515151515151,2016-03-01
265,3,5,2017,28.24337285902506,15376800.27000988,87.72332015810277,2017-03-01
266,3,5,2018,28.923470704725514,14562306.997848948,87.0901848311026,2018-03-01
267,3,5,2019,28.73058333333336,14699571.016666668,88.17013888888889,2019-03-01
268,3,5,2020,29.068380952380984,12974337.069642857,86.33896103896105,2020-03-01
269,3,5,2021,27.784811008667457,14696787.692258883,89.20987430505197,2021-03-01
270,3,5,2022,28.02870370370373,15277443.281351132,87.89302409205321,2022-03-01
271,3,6,2010,30.556519115369753,16367666.894817073,62.346601174345075,2010-03-01
272,3,6,2011,29.323714338860576,14791190.814732144,63.135974702380956,2011-03-01
273,3,6,2012,30.91387677654938,18208476.331814382,66.36176142697882,2012-03-01
274,3,6,2013,31.18258692486559,16519134.142744202,65.16561255563364,2013-03-01
275,3,6,2014,30.27493726793046,15597619.961696306,60.88577291381669,2014-03-01
276,3,6,2015,30.588112794112824,15672184.87551975,65.82882882882883,2015-03-01
277,3,6,2016,31.979172621375675,17184994.874832213,66.55615212527965,2016-03-01
278,3,6,2017,30.97538724998665,17300971.65837124,65.79362024725916,2017-03-01
279,3,6,2018,29.94100447432429,16568734.990371024,68.7708480565371,2018-03-01
280,3,6,2019,30.930122889983608,15829959.989655172,64.95385057471265,2019-03-01
281,3,6,2020,29.715004609412933,14070011.201146288,69.79524502668608,2020-03-01
282,3,6,2021,30.48853823617689,18682310.546601616,67.61372812920592,2021-03-01
283,3,6,2022,29.718760587645388,18137347.5662062,68.29475516621743,2022-03-01
284,3,7,2010,30.336420560323432,17475299.131657522,71.74300624058533,2010-03-01
285,3,7,2011,28.36950400754364,16021366.79216761,71.71546440358321,2011-03-01
286,3,7,2012,32.71415745563664,19234165.92754496,60.72859130807108,2012-03-01
287,3,7,2013,33.754575817482035,18311850.42263448,65.49206092028516,2013-03-01
288,3,7,2014,29.44268366032182,17788778.818553887,67.66285811732605,2014-03-01
289,3,7,2015,31.206741368459472,17965920.13043478,67.39600317028986,2015-03-01
290,3,7,2016,32.269819105297636,19189104.971079692,69.47263281919452,2016-03-01
291,3,7,2017,30.268537616557687,17694058.15081522,69.19763360507247,2017-03-01
292,3,7,2018,28.73619570549311,16935756.369897958,74.26366618075802,2018-03-01
293,3,7,2019,29.90998641086038,17537526.599281516,70.5365774003919,2019-03-01
294,3,7,2020,27.965513690027663,14276425.696448756,77.48379804069329,2020-03-01
295,3,7,2021,29.259797436941216,19512609.39310585,72.0169452181987,2021-03-01
296,3,7,2022,28.94407161780227,18117281.99499354,75.47663652024117,2022-03-01
297,3,8,2010,28.501892182141578,15135422.545966722,67.7790648694187,2010-03-01
298,3,8,2011,28.40242542153051,14560538.28283074,68.46822308690012,2011-03-01
299,3,8,2012,30.93250699506258,17481348.546514675,63.55479850920103,2012-03-01
300,3,8,2013,32.49129060170841,18072806.74064031,65.4523559598787,2013-03-01
301,3,8,2014,30.476591123701635,16341054.640226629,60.45042492917847,2014-03-01
302,3,8,2015,28.995673482391794,17838401.48342294,67.08118279569892,2015-03-01
303,3,8,2016,32.033165150774884,18511973.02545383,63.35503814785582,2016-03-01
304,3,8,2017,30.41392329393456,17342427.74329673,63.6252128021791,2017-03-01
305,3,8,2018,29.026002223347998,17212127.275118202,71.5506304176517,2018-03-01
306,3,8,2019,32.88814099234102,16641818.913986014,66.89259906759906,2019-03-01
307,3,8,2020,27.558309646856188,12567730.561854005,67.60400516795866,2020-03-01
308,3,8,2021,30.538647276188204,18883833.295586232,69.63843444671666,2021-03-01
309,3,8,2022,28.280207105744005,17360397.05980216,68.25599520383693,2022-03-01
310,4,1,2010,28.59275405007367,12629971.354933726,85.90132547864506,2010-04-01
311,4,1,2011,28.67391304347829,12244993.275362318,85.92028985507247,2011-04-01
312,4,1,2012,28.076387337057756,13590467.329608938,86.45065176908751,2012-04-01
313,4,1,2013,28.898799038218204,13695947.766135156,88.33750949126804,2013-04-01
314,4,1,2014,28.690523028883714,13254147.44262295,85.98360655737704,2014-04-01
315,4,1,2015,28.58780000000003,12533335.44,83.56,2015-04-01
316,4,1,2016,29.9587285223368,12826177.659793815,87.68556701030928,2016-04-01
317,4,1,2017,29.262390350877222,13010700.950657895,87.8001644736842,2017-04-01
318,4,1,2018,29.281438398999406,12331241.831144465,87.78799249530957,2018-04-01
319,4,1,2019,30.70054878048783,13224824.57317073,83.78048780487805,2019-04-01
320,4,1,2020,29.976515151515184,13319777.5,86.32070707070707,2020-04-01
321,4,1,2021,29.845256410256436,11703001.043956043,88.6978021978022,2021-04-01
322,4,1,2022,29.931574973031314,12697578.008629989,88.15533980582525,2022-04-01
323,4,2,2010,29.23619899128843,12228197.265474552,83.30398899587345,2010-04-01
324,4,2,2011,28.854866666666698,12843422.096842105,87.13087719298245,2011-04-01
325,4,2,2012,28.432142857142885,12985866.095238095,83.28571428571429,2012-04-01
326,4,2,2013,30.10016910229648,13422835.177453028,87.69676409185804,2013-04-01
327,4,2,2014,30.411908831908864,12428908.728205128,87.7940170940171,2014-04-01
328,4,2,2015,29.981012101210148,13318103.96369637,85.19884488448845,2015-04-01
329,4,2,2016,29.635274769354222,12220001.891696751,86.4986963497794,2016-04-01
330,4,2,2017,29.342543443917883,14286489.962085309,83.89336492890995,2017-04-01
331,4,2,2018,29.721155717761583,12567889.309002433,87.41098945660988,2018-04-01
332,4,2,2019,29.788483960948426,13462179.069456067,88.75271966527197,2019-04-01
333,4,2,2020,29.32423333333336,13095796.167058824,88.23509803921569,2020-04-01
334,4,2,2021,28.404060606060636,13635253.745454546,85.32727272727273,2021-04-01
335,4,2,2022,28.706401096748955,13823873.826086957,86.77732079905994,2022-04-01
336,4,3,2010,27.88994117647062,10435341.694117647,82.87843137254902,2010-04-01
337,4,3,2011,28.40576003608483,10420548.202976996,86.45015787099683,2011-04-01
338,4,3,2012,28.404068857590016,12004116.92488263,86.5547730829421,2012-04-01
339,4,3,2013,28.356125356125382,12547254.7008547,82.23076923076923,2013-04-01
340,4,3,2014,28.837612031921452,11543854.106813997,86.27593615715163,2014-04-01
341,4,3,2015,28.438447852760767,12648938.239263803,86.37423312883436,2015-04-01
342,4,3,2016,29.7197098214286,11652696.33482143,87.73623511904762,2016-04-01
343,4,3,2017,28.25227414330221,12325245.40186916,84.75467289719626,2017-04-01
344,4,3,2018,27.881804878048808,12177081.63902439,83.59024390243903,2018-04-01
345,4,3,2019,28.45644364074747,12691023.714285715,86.64315852923447,2019-04-01
346,4,3,2020,27.83194174757284,10682861.203883495,87.06796116504854,2020-04-01
347,4,3,2021,28.2305442176871,12239194.24489796,83.3344671201814,2021-04-01
348,4,3,2022,28.25157239057242,11973178.157575758,84.13333333333334,2022-04-01
349,4,4,2010,28.72740506329117,11604244.48101266,87.44303797468355,2010-04-01
350,4,4,2011,27.48221701795475,10421233.80796253,85.39227166276346,2011-04-01
351,4,4,2012,28.28647058823533,12461230.470588235,83.8529411764706,2012-04-01
352,4,4,2013,28.12322222222225,13463708.648484848,85.57272727272728,2013-04-01
353,4,4,2014,27.366666666666692,13624742.264150944,82.73584905660377,2014-04-01
354,4,4,2015,28.02000000000003,13545915.79661017,85.46468926553673,2015-04-01
355,4,4,2016,29.779196969697,12053851.136363637,84.94545454545455,2016-04-01
356,4,4,2017,28.595665566556683,13011149.188118812,88.07260726072607,2017-04-01
357,4,4,2018,26.683243243243272,11167021.081081081,83.45945945945945,2018-04-01
358,4,4,2019,27.956666666666706,12871878.0,82.66666666666667,2019-04-01
359,4,4,2020,27.62456431535273,11761946.46473029,83.84647302904564,2020-04-01
360,4,4,2021,26.700000000000035,13339251.333333334,80.0,2021-04-01
361,4,4,2022,27.778240064882432,11860277.878345499,88.21897810218978,2022-04-01
362,4,5,2010,27.835882438959302,15081026.36850153,89.26783893985728,2010-04-01
363,4,5,2011,27.028943587327788,13370343.30420445,88.13355317394888,2011-04-01
364,4,5,2012,26.81709144237231,15390830.40969163,89.16495349975527,2012-04-01
365,4,5,2013,26.584595780590746,13893653.240506329,87.97848101265822,2013-04-01
366,4,5,2014,27.566663856098963,14314553.45025295,87.99606520517145,2014-04-01
367,4,5,2015,26.778988835725706,14615604.85167464,87.6738437001595,2015-04-01
368,4,5,2016,28.46790255498944,15779383.237780713,89.67618890356671,2016-04-01
369,4,5,2017,27.82274837615327,14172220.022589052,89.16391543585289,2017-04-01
370,4,5,2018,27.98537549287234,14389179.351733899,89.23920736022647,2018-04-01
371,4,5,2019,27.686107736532964,14798087.577427821,88.93241469816273,2019-04-01
372,4,5,2020,27.059284963196667,13988627.793901157,88.96582544689801,2020-04-01
373,4,5,2021,27.24043731696557,15176553.654591408,88.77085088458298,2021-04-01
374,4,5,2022,26.705031047587585,16027613.674201092,89.5878150168875,2022-04-01
375,4,6,2010,29.994959908084727,16867991.80321285,65.45917001338688,2010-04-01
376,4,6,2011,29.17332652229464,17304289.68703828,68.2081934184016,2011-04-01
377,4,6,2012,30.84855937783302,18024879.982689746,63.96820905459388,2012-04-01
378,4,6,2013,29.793348451616076,15926406.733423546,65.93437077131259,2013-04-01
379,4,6,2014,29.095142053473737,16280863.331989247,67.15658602150538,2014-04-01
380,4,6,2015,29.272568825489408,15119868.016034985,65.19181243926143,2015-04-01
381,4,6,2016,32.28554195923775,17845312.210246176,63.18867819915724,2016-04-01
382,4,6,2017,30.240188815357858,17039898.0657277,67.24513749161636,2017-04-01
383,4,6,2018,29.369329456466,16085462.555480834,68.18011656579242,2018-04-01
384,4,6,2019,29.928283900304297,16228319.095723014,67.98630911971034,2019-04-01
385,4,6,2020,29.58106224118626,16001161.25,68.20452508960574,2020-04-01
386,4,6,2021,30.222913156796174,16002888.683417086,66.17372577171572,2021-04-01
387,4,6,2022,30.132132399138293,17659373.52387357,67.06601658820892,2022-04-01
388,4,7,2010,29.141594940325714,16555118.793324776,69.79599914420197,2010-04-01
389,4,7,2011,27.7026361445081,17846951.653298836,74.44803794739111,2011-04-01
390,4,7,2012,33.965284652546295,18781878.31153846,50.93028846153846,2012-04-01
391,4,7,2013,30.743821422852825,15974980.276089828,64.98513870541612,2013-04-01
392,4,7,2014,29.36074161642506,17023712.061975468,71.69604045620831,2014-04-01
393,4,7,2015,31.621346338510005,16167867.548251748,67.33671328671329,2015-04-01
394,4,7,2016,32.48695723225895,18298527.136626042,64.52736797092153,2016-04-01
395,4,7,2017,29.90235467520462,17577144.77792041,70.1081514762516,2017-04-01
396,4,7,2018,28.832044072302505,17156906.98069498,74.35714285714286,2018-04-01
397,4,7,2019,29.453470072786434,16838035.740477726,71.1673122444588,2019-04-01
398,4,7,2020,28.51907476952451,15849738.448742747,77.06818181818181,2020-04-01
399,4,7,2021,29.46378531741282,16321219.545454545,69.29303908651734,2021-04-01
400,4,7,2022,30.149330353096982,17764384.162924953,71.63234979687834,2022-04-01
401,4,8,2010,25.608647846089532,13735187.75156838,69.18757841907151,2010-04-01
402,4,8,2011,27.32043034026908,13378539.458455523,75.7781036168133,2011-04-01
403,4,8,2012,30.654066705584324,15980798.242219215,59.452638700947226,2012-04-01
404,4,8,2013,30.651282557592882,12735389.932299012,61.185472496473906,2013-04-01
405,4,8,2014,29.026659775054036,15086275.627218936,67.57199211045365,2014-04-01
406,4,8,2015,28.799329594647805,12939394.723140497,68.47451790633609,2015-04-01
407,4,8,2016,31.16524291166105,15712079.400138216,62.55643860861553,2016-04-01
408,4,8,2017,27.513842128469353,14027280.346491229,73.40667641325535,2017-04-01
409,4,8,2018,27.11781700680275,13590675.359183673,66.05748299319728,2018-04-01
410,4,8,2019,28.82876071524503,15258463.508460918,71.58125167875369,2019-04-01
411,4,8,2020,27.64401293408196,11751101.102183405,75.68908296943232,2020-04-01
412,4,8,2021,28.893638176781415,14312751.30049261,70.60121979826413,2021-04-01
413,4,8,2022,27.718497037609104,14962260.918056563,75.90923374425913,2022-04-01
414,5,1,2010,28.355772058823558,11701511.330882354,85.48713235294117,2010-05-01
415,5,1,2011,27.629396551724167,10482046.327586208,85.16379310344827,2011-05-01
416,5,1,2012,28.193637445887475,11703509.068181818,86.11444805194805,2012-05-01
417,5,1,2013,29.89406701544597,11883617.998505231,87.49451918285999,2013-05-01
418,5,1,2014,28.141017156862773,11385228.811764706,84.86740196078432,2014-05-01
419,5,1,2015,27.434104477611967,11367686.597014925,86.91417910447761,2015-05-01
420,5,1,2016,27.659027027027058,11635547.18918919,81.7054054054054,2016-05-01
421,5,1,2017,27.876319444444473,13114019.135964911,85.74634502923978,2017-05-01
422,5,1,2018,28.35488888888892,11174342.594444444,87.05277777777778,2018-05-01
423,5,1,2019,27.518413580246943,12447315.848148149,85.00416666666666,2019-05-01
424,5,1,2020,27.25611111111114,10921749.111111112,82.38888888888889,2020-05-01
425,5,1,2021,28.60451949860727,11622140.038997214,84.89972144846797,2021-05-01
426,5,1,2022,27.94110091743122,11445366.770642202,87.01834862385321,2022-05-01
427,5,2,2010,28.464810126582304,11341546.101265823,82.53164556962025,2010-05-01
428,5,2,2011,28.901818181818214,10882277.818181818,87.64393939393939,2011-05-01
429,5,2,2012,29.02552000000003,11882771.208,81.474,2012-05-01
430,5,2,2013,28.099959839357457,11871722.439089691,86.68005354752343,2013-05-01
431,5,2,2014,27.543979166666695,11853171.4375,83.99791666666667,2014-05-01
432,5,2,2015,29.18872243839173,12025603.984435797,84.46335927367055,2015-05-01
433,5,2,2016,28.585114942528765,11337598.172413792,86.04597701149426,2016-05-01
434,5,2,2017,28.445684642641115,13353745.41923775,86.66583484573503,2017-05-01
435,5,2,2018,27.287619047619078,11391924.761904761,81.83333333333333,2018-05-01
436,5,2,2019,27.897409126063447,10945396.993039442,85.58739365815931,2019-05-01
437,5,2,2020,27.90877192982459,11639951.596491229,85.71929824561404,2020-05-01
438,5,2,2021,27.975755395683482,12317976.417266186,87.43525179856115,2021-05-01
439,5,2,2022,27.862533333333364,11709994.844444444,83.91111111111111,2022-05-01
440,5,3,2010,28.49641947565546,11160254.026966292,86.90262172284643,2010-05-01
441,5,3,2011,28.040993117010846,11308853.327433629,84.83726647000982,2011-05-01
442,5,3,2012,27.727683615819235,12244382.870056497,84.90677966101696,2012-05-01
443,5,3,2013,27.604623131903864,12785324.970760234,87.09909031838856,2013-05-01
444,5,3,2014,28.102304471544745,11454657.226829268,84.58201219512195,2014-05-01
445,5,3,2015,27.40719806763288,11681050.36231884,83.27777777777779,2015-05-01
446,5,3,2016,28.107334826762276,11537210.14516129,86.69026284348864,2016-05-01
447,5,3,2017,29.48064956551967,13518339.235036496,86.2285888077859,2017-05-01
448,5,3,2018,27.91511504424782,11688827.727433627,84.81622418879056,2018-05-01
449,5,3,2019,27.234548022598897,11575884.813559322,86.83262711864407,2019-05-01
450,5,3,2020,28.555882352941207,10543786.655882353,86.16960784313726,2020-05-01
451,5,3,2021,27.296495726495753,12165890.256410256,86.99358974358974,2021-05-01
452,5,3,2022,28.77047637624624,11585306.723016905,85.64542696142175,2022-05-01
453,5,4,2010,26.84661442006273,11870929.887147335,85.67554858934169,2010-05-01
454,5,4,2011,26.54333333333336,11530926.74074074,77.55555555555556,2011-05-01
455,5,4,2012,27.416661350545876,15339630.405063292,86.77461322081575,2012-05-01
456,5,4,2013,26.708075880758837,12761425.306233061,85.55103884372177,2013-05-01
457,5,4,2014,26.599029126213622,11533889.922330096,81.80582524271844,2014-05-01
458,5,4,2015,27.56740196078434,13043011.0,83.69301470588235,2015-05-01
459,5,4,2016,27.41651832460736,12736016.811518325,87.18630017452007,2016-05-01
460,5,4,2017,28.00464948882296,14507408.540198736,86.85907859078591,2017-05-01
461,5,4,2018,26.827669902912653,11505650.368932039,86.2621359223301,2018-05-01
462,5,4,2019,27.51930725346376,11834597.907090465,86.38997555012224,2019-05-01
463,5,4,2020,27.048666666666698,12453725.933333334,85.08333333333333,2020-05-01
464,5,4,2021,27.772091503268,13520032.156862745,84.3921568627451,2021-05-01
465,5,4,2022,27.39144736842108,11172783.600877194,84.23866959064328,2022-05-01
466,5,5,2010,27.236586673809462,15403074.811971372,89.79716981132076,2010-05-01
467,5,5,2011,27.129003369302428,14545702.52815534,89.45463861920172,2011-05-01
468,5,5,2012,27.013001836443106,14725941.93019943,89.45833333333333,2012-05-01
469,5,5,2013,27.612928569742937,14747432.555192685,89.55916612236012,2013-05-01
470,5,5,2014,27.378636929282276,14682682.859557867,89.61324230602513,2014-05-01
471,5,5,2015,27.22705786700253,13562766.974496644,88.76314317673379,2015-05-01
472,5,5,2016,27.897860198316337,15534307.291721418,90.08366184844503,2016-05-01
473,5,5,2017,27.52409052777565,15642360.292512245,89.32406111499883,2017-05-01
474,5,5,2018,27.284617818991002,15018246.676202862,89.79004117902038,2018-05-01
475,5,5,2019,27.6308629706138,15109295.880499015,89.82069380608448,2019-05-01
476,5,5,2020,26.879337809122234,14899479.864476386,89.63883185033082,2020-05-01
477,5,5,2021,27.859194040409083,15990160.19140625,89.70811631944444,2021-05-01
478,5,5,2022,26.678628529837454,16539776.907682376,89.9003120292662,2022-05-01
479,5,6,2010,30.539932635689823,15760724.406914894,60.33482934397163,2010-05-01
480,5,6,2011,29.43205678947978,15825006.29202947,61.68888144675151,2011-05-01
481,5,6,2012,30.381916044972638,15397811.632323232,58.14713804713805,2012-05-01
482,5,6,2013,30.275972496669883,16361761.100133512,63.165053404539385,2013-05-01
483,5,6,2014,29.20074666547941,15879374.671122994,64.46301247771837,2014-05-01
484,5,6,2015,28.785165305186332,15439316.50802139,66.26091800356505,2015-05-01
485,5,6,2016,32.11050658145661,16262739.503678929,58.15785953177257,2016-05-01
486,5,6,2017,31.040494450518406,15861554.671552299,62.26010437486121,2017-05-01
487,5,6,2018,29.396928038781983,15973072.124248497,64.82865731462925,2018-05-01
488,5,6,2019,30.447935674028777,15198798.921843687,65.4878089512358,2019-05-01
489,5,6,2020,28.435156798166354,15598856.971849866,65.34752010723861,2020-05-01
490,5,6,2021,29.7149387954563,16980257.599465955,63.342957276368494,2021-05-01
491,5,6,2022,29.380613996954693,17054785.44629753,61.088725817211476,2022-05-01
492,5,7,2010,31.08372837729582,16432066.7055805,60.49556339533889,2010-05-01
493,5,7,2011,28.10207023054128,15218021.456410257,66.84588675213675,2011-05-01
494,5,7,2012,34.2890374431425,15955674.65466238,40.34790996784566,2012-05-01
495,5,7,2013,31.95740358490215,15637421.767650835,56.70758451005563,2013-05-01
496,5,7,2014,29.4963443026407,16374673.924310455,63.67104981825957,2014-05-01
497,5,7,2015,29.567929474576406,15250640.821794871,68.09663461538462,2015-05-01
498,5,7,2016,32.87750042163896,16857615.232841566,58.16121445370964,2016-05-01
499,5,7,2017,32.10088258268883,16001289.040410519,59.449433397477016,2017-05-01
500,5,7,2018,30.701606314182808,16659494.200256739,64.03631792896876,2018-05-01
501,5,7,2019,31.208117472332933,15775734.441308532,63.68804789394912,2019-05-01
502,5,7,2020,28.419397025704523,14556136.969735995,72.5164198325821,2020-05-01
503,5,7,2021,31.194496623084675,16976327.82039769,61.392719692110326,2021-05-01
504,5,7,2022,30.037417606785574,16619752.378205128,61.61148504273505,2022-05-01
505,5,8,2010,25.52933844274707,11820206.910404624,73.64023362235068,2010-05-01
506,5,8,2011,24.678864751902292,11750058.708177045,73.7914478619655,2011-05-01
507,5,8,2012,28.20303024621925,10394699.366929134,58.255511811023624,2012-05-01
508,5,8,2013,27.325899838268345,11935472.35596855,67.3847986657136,2013-05-01
509,5,8,2014,27.65702531490644,12582103.555555556,63.71680216802168,2014-05-01
510,5,8,2015,25.986013506967765,11241325.226917058,69.12845592070944,2015-05-01
511,5,8,2016,30.25519983574566,12811112.466165414,60.89029391660971,2016-05-01
512,5,8,2017,27.730144575407632,10731819.364836693,69.00277970813065,2017-05-01
513,5,8,2018,26.655105461374955,11637094.795419848,69.2027989821883,2018-05-01
514,5,8,2019,27.760657212965732,12218198.004140787,70.66655164481251,2019-05-01
515,5,8,2020,25.215396113932467,11070629.860896446,77.15829469345698,2020-05-01
516,5,8,2021,28.299228635210337,13578063.42430414,66.28824394659425,2021-05-01
517,5,8,2022,25.388773090597862,13060448.101718213,69.99891179839634,2022-05-01
518,6,1,2010,27.670635738831642,11912794.762886599,85.55154639175258,2010-06-01
519,6,1,2011,27.357700770077038,10825131.094059406,87.09268426842684,2011-06-01
520,6,1,2012,27.2102631722632,12214379.759213759,86.3465055965056,2012-06-01
521,6,1,2013,27.33025942285044,12037484.265017668,87.54004711425206,2013-06-01
522,6,1,2014,26.40721804511281,9838354.384962406,85.22481203007519,2014-06-01
523,6,1,2015,27.0019407158837,10451002.966442954,86.33053691275168,2015-06-01
524,6,1,2016,28.303699602498607,10378914.037478706,85.44548551959114,2016-06-01
525,6,1,2017,27.65475826972013,12315342.91221374,85.67048346055981,2017-06-01
526,6,1,2018,26.20996402877701,10469904.237410072,84.88069544364508,2018-06-01
527,6,1,2019,27.09006410256413,9514059.692307692,85.4326923076923,2019-06-01
528,6,1,2020,27.500993292053693,12501976.356037151,85.50154798761609,2020-06-01
529,6,1,2021,27.62696891651868,11801286.888099467,86.40408525754884,2021-06-01
530,6,1,2022,26.775631915485157,12147362.290241867,87.50771476230192,2022-06-01
531,6,2,2010,27.815298245614063,12156312.123411978,85.86963097398669,2010-06-01
532,6,2,2011,27.123297664543554,11886522.415286625,87.13142250530787,2011-06-01
533,6,2,2012,27.587848657445107,12114977.005695688,86.09363981556821,2012-06-01
534,6,2,2013,26.985498687664073,12397090.214173228,85.58293963254593,2013-06-01
535,6,2,2014,26.68191502094557,10546379.062836625,84.09096349491323,2014-06-01
536,6,2,2015,27.855125822686826,11517055.927990709,84.98993418505613,2015-06-01
537,6,2,2016,27.560582301696503,11768223.12792297,85.60453920220083,2016-06-01
538,6,2,2017,27.81749830623309,12615973.959349593,85.4236111111111,2017-06-01
539,6,2,2018,26.931383399209516,11488486.664031621,86.04150197628458,2018-06-01
540,6,2,2019,27.662171539961044,12001908.0374269,86.8159844054581,2019-06-01
541,6,2,2020,26.366193811074947,12883339.496742671,86.80388165038002,2020-06-01
542,6,2,2021,28.480316455696233,12769255.984177215,83.69106012658227,2021-06-01
543,6,2,2022,26.88713640469741,12526574.539295392,87.44805781391148,2022-06-01
544,6,3,2010,27.8832607262704,12664606.152684564,87.57270693512305,2010-06-01
545,6,3,2011,27.64056304082394,13418408.158305462,87.62504645113341,2011-06-01
546,6,3,2012,28.853234348165522,13675246.790163934,87.25628415300547,2012-06-01
547,6,3,2013,28.116599141852383,13146035.478186484,87.70045623039634,2013-06-01
548,6,3,2014,28.13759407096175,12509845.979127135,86.11567046173309,2014-06-01
549,6,3,2015,28.101642656295677,13559455.325153375,87.71600204498978,2015-06-01
550,6,3,2016,27.816035015399223,12633590.49353234,87.57213930348259,2016-06-01
551,6,3,2017,29.269694444444475,13710738.199161425,83.94182389937107,2017-06-01
552,6,3,2018,27.82897342237711,13324801.616260163,86.51815718157181,2018-06-01
553,6,3,2019,28.35632173143233,12891666.990215264,86.48116438356165,2019-06-01
554,6,3,2020,28.06907560472939,13040379.977220956,85.7842634776006,2020-06-01
555,6,3,2021,27.586748425116877,13320901.365576103,85.9481981981982,2021-06-01
556,6,3,2022,28.036182527272082,13532736.417513683,87.132590565546,2022-06-01
557,6,4,2010,27.699634701264543,14220881.4017769,84.40416255347154,2010-06-01
558,6,4,2011,27.112270618556728,13933916.708762886,85.22573024054984,2011-06-01
559,6,4,2012,27.38197844759656,15034770.862411348,87.07955082742318,2012-06-01
560,6,4,2013,27.284391265428628,15346127.577442415,85.95108551760657,2013-06-01
561,6,4,2014,27.39830168776374,12972976.506329114,83.13502109704642,2014-06-01
562,6,4,2015,27.25343903275599,14364817.337334935,86.35704281712685,2015-06-01
563,6,4,2016,26.88061663803801,14362080.5751503,85.51402805611222,2016-06-01
564,6,4,2017,27.897541910331412,14373862.494569758,86.83890281258702,2017-06-01
565,6,4,2018,26.834957873210662,14277170.98404908,86.33118609406954,2018-06-01
566,6,4,2019,26.67785453816873,14221840.569424964,82.66280972417017,2019-06-01
567,6,4,2020,26.851102941176496,13349499.611764707,85.73382352941177,2020-06-01
568,6,4,2021,27.61070272727276,14302240.814545454,85.8644696969697,2021-06-01
569,6,4,2022,26.697372569812686,13921812.816542948,87.36647225167903,2022-06-01
570,6,5,2010,27.19939434506798,14895885.596638655,90.23281620340443,2010-06-01
571,6,5,2011,27.34606926099098,15694568.606958764,90.09750859106529,2011-06-01
572,6,5,2012,27.00943411880741,14945127.384815056,90.12659528444733,2012-06-01
573,6,5,2013,27.23744501448333,15051444.174025973,90.15232683982684,2013-06-01
574,6,5,2014,27.308547508541945,15347701.972815534,90.27815533980582,2014-06-01
575,6,5,2015,27.559392535652297,15384644.478964401,90.24989212513485,2015-06-01
576,6,5,2016,27.18361545815951,14671549.865197666,90.16893497515662,2016-06-01
577,6,5,2017,27.6781027909601,16028215.695906432,90.51337448559671,2017-06-01
578,6,5,2018,27.625074496089354,16300244.827407885,90.21293902176255,2018-06-01
579,6,5,2019,27.203508238798843,16032290.331606217,90.44813255613126,2019-06-01
580,6,5,2020,27.45089169070465,15742462.357650097,90.39471702173445,2020-06-01
581,6,5,2021,26.96727391862382,15671260.909915749,89.98422985526031,2021-06-01
582,6,5,2022,26.576792075728108,14911325.162249515,89.94553975436328,2022-06-01
583,6,6,2010,30.662352961980407,16292608.251162792,54.34208194905869,2010-06-01
584,6,6,2011,29.798348705072495,15355974.7451505,55.97909698996656,2011-06-01
585,6,6,2012,30.634426636450232,15127799.458917836,53.63905588955689,2012-06-01
586,6,6,2013,30.78004802471595,14974874.91078562,55.90612516644474,2013-06-01
587,6,6,2014,29.417111643995586,15182601.60881175,57.46929238985314,2014-06-01
588,6,6,2015,29.19750901481702,15237997.259012016,59.39847574543837,2015-06-01
589,6,6,2016,31.175129584179146,15042443.568287808,51.59943371085943,2016-06-01
590,6,6,2017,31.49895361567418,15746672.941567065,54.06225099601593,2017-06-01
591,6,6,2018,30.080835965505344,15591126.935117057,57.1840022296544,2018-06-01
592,6,6,2019,30.060299260707414,15468123.902666667,57.800888888888885,2019-06-01
593,6,6,2020,28.87480928112443,15686132.52898068,59.91650011103709,2020-06-01
594,6,6,2021,30.44651490082678,15690775.5914837,55.09636282989576,2021-06-01
595,6,6,2022,30.2254538080599,16521958.395736177,53.3961803242283,2022-06-01
596,6,7,2010,31.494799595083187,16345083.682723185,46.523603082851636,2010-06-01
597,6,7,2011,30.187160347357626,16106013.86136072,53.411050492083874,2011-06-01
598,6,7,2012,33.86125640701203,16308389.5279025,37.61695531323498,2012-06-01
599,6,7,2013,33.02862267214,15380188.253846154,43.91725427350428,2013-06-01
600,6,7,2014,30.734328263946075,15492556.880051315,50.051796023091725,2014-06-01
601,6,7,2015,31.470706896097507,14102058.621794872,51.15464743589744,2015-06-01
602,6,7,2016,32.58439962108072,15614773.774358975,50.41485042735043,2016-06-01
603,6,7,2017,32.461667006293155,16593277.775497114,46.14378875347445,2017-06-01
604,6,7,2018,31.75495404892829,16288632.49005773,49.928426341672015,2018-06-01
605,6,7,2019,31.310178827594477,15693985.394601543,49.83081619537275,2019-06-01
606,6,7,2020,28.867810210895936,14922853.225641025,62.75074786324787,2020-06-01
607,6,7,2021,32.08781982813685,16117458.579858884,46.57397904639726,2021-06-01
608,6,7,2022,30.69239738236704,16722708.548138639,49.48079803166453,2022-06-01
609,6,8,2010,24.969705230343283,10756166.342354532,68.26533603969328,2010-06-01
610,6,8,2011,25.269669648338184,11191918.244475137,65.2292817679558,2011-06-01
611,6,8,2012,26.65995974790967,11198020.069716776,59.75441781650932,2012-06-01
612,6,8,2013,25.981201793025456,10502967.726507714,62.60863721365124,2013-06-01
613,6,8,2014,26.138507152268055,10249969.46403162,55.230368906455865,2014-06-01
614,6,8,2015,25.719759762468552,9473691.450670876,61.286240463036044,2015-06-01
615,6,8,2016,28.639378209277417,11340790.569272976,58.60522405121171,2016-06-01
616,6,8,2017,27.055361176838954,11678405.080667594,62.686775614279085,2017-06-01
617,6,8,2018,25.693779618170648,11006107.91577209,61.703894852738784,2018-06-01
618,6,8,2019,27.635012879545762,10956861.46201232,62.03781656399726,2019-06-01
619,6,8,2020,24.06874772729397,11157377.573314803,73.28775770210794,2020-06-01
620,6,8,2021,25.97303616878458,11947374.140703518,55.936767169179234,2021-06-01
621,6,8,2022,24.702574131669568,12947625.624489795,64.36643990929706,2022-06-01
622,7,1,2010,27.90223031588876,12434176.374823196,88.08056341348421,2010-07-01
623,7,1,2011,26.581549421193262,13147986.653606411,87.76921935292371,2011-07-01
624,7,1,2012,26.413608736942102,12049601.111111112,87.73563627730294,2012-07-01
625,7,1,2013,26.8683818493151,12028810.09589041,86.7388698630137,2013-07-01
626,7,1,2014,25.822446735395218,11107721.517525773,85.67766323024054,2014-07-01
627,7,1,2015,26.94769139324777,12084590.442225393,86.35734664764622,2015-07-01
628,7,1,2016,27.652530864197562,11191400.25925926,87.21006944444444,2016-07-01
629,7,1,2017,28.214637055667367,12473363.10140845,88.52071596244132,2017-07-01
630,7,1,2018,26.949857556935847,12170022.350310558,84.31200828157351,2018-07-01
631,7,1,2019,26.235921165381345,12343817.21336761,86.22707797772065,2019-07-01
632,7,1,2020,27.398240932642516,13162987.18134715,86.35959988485895,2020-07-01
633,7,1,2021,27.507204313280393,12578710.41770715,85.38989784335982,2021-07-01
634,7,1,2022,27.169834082958552,12723862.695652174,86.95752123938031,2022-07-01
635,7,2,2010,27.783471465629084,12100618.86770428,86.08835927367055,2010-07-01
636,7,2,2011,27.752005243445723,13260093.162546817,87.04750312109863,2011-07-01
637,7,2,2012,28.027821428571457,11761910.485714287,87.27559523809525,2012-07-01
638,7,2,2013,28.053496289125555,12296784.884801548,84.9135204904808,2013-07-01
639,7,2,2014,26.5576176844784,12249060.614503818,84.12563613231552,2014-07-01
640,7,2,2015,28.002674302788876,12499148.758964144,86.65687250996017,2015-07-01
641,7,2,2016,28.09956777251188,11839390.441706162,84.8041074249605,2016-07-01
642,7,2,2017,27.251664459604097,13445723.721910112,86.73338014981273,2017-07-01
643,7,2,2018,28.245321502057642,12726064.555555556,86.59053497942386,2018-07-01
644,7,2,2019,27.705668058455142,11930471.331941545,87.160751565762,2019-07-01
645,7,2,2020,28.630219855988074,13814487.239657631,87.48080123632906,2020-07-01
646,7,2,2021,27.4887856713857,12940539.783783784,87.22567567567567,2021-07-01
647,7,2,2022,27.871277935158982,13934817.522190746,86.44538873150772,2022-07-01
648,7,3,2010,28.06165972146668,13481256.539223153,88.05858085808582,2010-07-01
649,7,3,2011,28.043189381218014,14643344.785659801,88.8324434274091,2011-07-01
650,7,3,2012,28.334245533970737,14385323.657316148,88.738122314885,2012-07-01
651,7,3,2013,27.973493331344574,13141947.201252937,88.6463717045158,2013-07-01
652,7,3,2014,28.014599229284187,14977208.98630137,88.74606798579401,2014-07-01
653,7,3,2015,28.321988543821526,14964089.154545454,88.59065656565657,2015-07-01
654,7,3,2016,28.81932751746055,14395882.678353658,88.33733485772358,2016-07-01
655,7,3,2017,28.161088765889254,15339542.313455658,89.24280071355759,2017-07-01
656,7,3,2018,27.971619845919875,14709309.927413128,88.16782496782497,2018-07-01
657,7,3,2019,28.173793085529713,14580083.883449884,88.51605801605803,2019-07-01
658,7,3,2020,29.083881902252887,15700361.217257319,88.74980739599384,2020-07-01
659,7,3,2021,28.69269967185595,13908704.854166666,88.37459935897436,2021-07-01
660,7,3,2022,27.808118092088144,14723312.273635665,88.70228029720728,2022-07-01
661,7,4,2010,27.32907903055851,14220822.724973656,87.27256761503337,2010-07-01
662,7,4,2011,27.609099806401836,15569921.704610951,87.99675792507205,2011-07-01
663,7,4,2012,27.653869325335144,14667613.149300156,87.92327630896837,2012-07-01
664,7,4,2013,27.192559271107584,14452473.409377187,88.48122229997668,2013-07-01
665,7,4,2014,27.65316095135743,15552231.990264256,87.94680111265647,2014-07-01
666,7,4,2015,27.893314952520626,15112990.714076247,87.80229716520039,2015-07-01
667,7,4,2016,28.310717284244838,15281896.534932956,88.25588096918372,2016-07-01
668,7,4,2017,28.246938480331803,15466469.643631436,88.4964430894309,2017-07-01
669,7,4,2018,28.05033050791451,14964145.21165857,87.79857737682165,2018-07-01
670,7,4,2019,27.708166341251793,15178288.08959757,87.79201467982789,2019-07-01
671,7,4,2020,28.17886581904422,16820674.9054242,88.18138618451553,2020-07-01
672,7,4,2021,27.888449097349984,14664487.792274678,86.19298998569384,2021-07-01
673,7,4,2022,27.425349583772068,15413470.815913688,88.86749831422792,2022-07-01
674,7,5,2010,27.994099860153042,16269768.419753086,90.12383582412822,2010-07-01
675,7,5,2011,28.07213764501554,16880497.984605517,90.16741500962155,2011-07-01
676,7,5,2012,27.471206365596593,17105510.874677002,90.22916666666667,2012-07-01
677,7,5,2013,27.346139234572135,16048480.011688313,90.2396645021645,2013-07-01
678,7,5,2014,27.757087584429087,16057790.805931658,90.21899849559424,2014-07-01
679,7,5,2015,28.01895721260799,15813663.968790637,90.19457087126138,2015-07-01
680,7,5,2016,28.3201114169493,17605157.85742061,90.17266148196154,2016-07-01
681,7,5,2017,27.660222722019295,17526827.268608414,90.4591693635383,2017-07-01
682,7,5,2018,27.980405133391898,16914275.371911574,90.1075530992631,2018-07-01
683,7,5,2019,27.822906945336097,16512850.984435797,90.33981841763944,2019-07-01
684,7,5,2020,28.365866027449798,17113932.00904393,90.19105297157623,2020-07-01
685,7,5,2021,27.385348647645433,17330105.042746115,90.12186960276338,2021-07-01
686,7,5,2022,27.789034023993818,16774388.270375162,90.05045278137128,2022-07-01
687,7,6,2010,31.45909221056347,16535327.789753826,48.40735196274118,2010-07-01
688,7,6,2011,31.054999119483494,16649223.172551632,50.35992671552299,2011-07-01
689,7,6,2012,31.958849211536545,16647079.774666667,47.907666666666664,2012-07-01
690,7,6,2013,32.54802797670957,16096272.804780876,49.7571934484285,2013-07-01
691,7,6,2014,30.580443494952586,16143071.785904255,51.42952127659574,2014-07-01
692,7,6,2015,31.35698248478634,15461280.72021419,52.25195225345828,2015-07-01
693,7,6,2016,33.19269232189256,16533709.391362127,47.79983388704319,2016-07-01
694,7,6,2017,30.94955276461048,17063337.141716566,47.63206919494345,2017-07-01
695,7,6,2018,31.719434549642227,16816355.05073431,51.101802403204275,2018-07-01
696,7,6,2019,31.63494890859021,16387985.586390927,49.84178341116299,2019-07-01
697,7,6,2020,30.29681372398229,16620453.256154358,53.57318695941451,2020-07-01
698,7,6,2021,31.674287896192894,17087102.411489647,48.74855266087731,2021-07-01
699,7,6,2022,30.730334240029848,16954554.983277593,48.95239687848383,2022-07-01
700,7,7,2010,31.83545566580353,16047224.670942912,39.89988240324995,2010-07-01
701,7,7,2011,31.395851682424997,16978051.910198845,44.59626897583921,2011-07-01
702,7,7,2012,33.774990974035845,17648876.629890956,34.96514859952961,2012-07-01
703,7,7,2013,33.84854734860932,16281967.122514432,37.767425700235194,2013-07-01
704,7,7,2014,32.34804041584545,15639686.826923076,40.65523504273504,2014-07-01
705,7,7,2015,33.4735317935675,16086163.674358975,39.718162393162395,2015-07-01
706,7,7,2016,33.43390718868443,16953130.42051282,43.99930555555556,2016-07-01
707,7,7,2017,31.750178403915037,17301478.832584992,39.007483429548856,2017-07-01
708,7,7,2018,32.98507706944829,17573278.753530167,41.25609756097561,2018-07-01
709,7,7,2019,33.244339339514966,16295668.836433612,39.557675860594394,2019-07-01
710,7,7,2020,30.91616713335387,16094970.461538462,49.71971153846154,2020-07-01
711,7,7,2021,33.06034492308791,16967518.60038486,39.85492837288861,2021-07-01
712,7,7,2022,30.977988586162937,17560104.143681847,42.55446867650203,2022-07-01
713,7,8,2010,24.935585354317194,10311303.42879257,57.15183178534572,2010-07-01
714,7,8,2011,25.519392539953838,12233263.072838666,60.478953936918536,2011-07-01
715,7,8,2012,26.763544794211256,12884680.897902098,52.15600233100233,2012-07-01
716,7,8,2013,26.821809843231303,11442595.88283942,56.752010107971515,2013-07-01
717,7,8,2014,26.58399701423981,10218574.04823151,50.594520364415864,2014-07-01
718,7,8,2015,25.684687033817205,10827371.271503367,56.48871852405884,2015-07-01
719,7,8,2016,27.339681846503645,11884448.317307692,54.91094322344322,2016-07-01
720,7,8,2017,24.43264861612518,9952061.269314079,55.36835138387485,2017-07-01
721,7,8,2018,25.69863877247075,12878796.79682997,57.90003602305475,2018-07-01
722,7,8,2019,26.931077852590064,11804225.45971564,55.51562852629203,2019-07-01
723,7,8,2020,24.157910829479743,11764565.011651816,69.65975554032443,2020-07-01
724,7,8,2021,27.481397465016887,12638871.705119453,49.91894197952218,2021-07-01
725,7,8,2022,25.501686043158234,11444539.140613846,56.259457530335474,2022-07-01
726,8,1,2010,28.29551060096508,13996814.296827022,87.26270897304674,2010-08-01
727,8,1,2011,28.418637064594385,14786797.968055556,88.87355324074075,2011-08-01
728,8,1,2012,28.934508317664527,14808339.236442516,88.720233791275,2012-08-01
729,8,1,2013,28.529374912532717,12935677.676720804,88.52797112657902,2013-08-01
730,8,1,2014,27.532759314893497,14086313.879622916,87.86590524534687,2014-08-01
731,8,1,2015,28.50377443544113,13878151.987567987,87.01994301994303,2015-08-01
732,8,1,2016,29.309695051288102,14696717.829457365,87.51021846370683,2016-08-01
733,8,1,2017,29.071851678579385,15688789.837912088,88.97315705128206,2017-08-01
734,8,1,2018,27.698297455968717,14040656.464141821,87.64719312382488,2018-08-01
735,8,1,2019,29.140407011827758,14615778.723044397,88.95566126380079,2019-08-01
736,8,1,2020,28.97831390490982,14310439.27173913,87.90515010351966,2020-08-01
737,8,1,2021,28.104052755471052,15206995.396449704,89.2676282051282,2021-08-01
738,8,1,2022,28.02441461825914,14573109.80561555,88.84509239260859,2022-08-01
739,8,2,2010,28.570154738743778,14275618.073929962,87.89526588845655,2010-08-01
740,8,2,2011,29.312717938399963,15630910.90541422,88.17324418351816,2011-08-01
741,8,2,2012,29.585984634744054,14745457.641168289,88.02862772369032,2012-08-01
742,8,2,2013,27.659724258289735,13189279.983246073,87.71605584642234,2013-08-01
743,8,2,2014,28.75956803036324,13681312.810009267,87.78035217794253,2014-08-01
744,8,2,2015,28.883059495798346,14156697.170196079,87.56679738562092,2015-08-01
745,8,2,2016,28.678737062214697,14257006.611616515,88.05936552367622,2016-08-01
746,8,2,2017,29.009939228207045,15923852.848484848,88.50785024154588,2017-08-01
747,8,2,2018,28.51320374661386,14366018.311706629,87.871415138693,2018-08-01
748,8,2,2019,29.195335934756052,14826784.806451613,88.29032258064517,2019-08-01
749,8,2,2020,29.579011225161395,14857192.328611897,87.1753226314133,2020-08-01
750,8,2,2021,28.968309317368597,15285701.304913295,88.07767341040463,2021-08-01
751,8,2,2022,27.884594790636363,15561418.75173096,88.04945598417409,2022-08-01
752,8,3,2010,29.185532457330602,16608091.17831893,88.9950248756219,2010-08-01
753,8,3,2011,29.070366693445777,16503107.346666666,89.37672839506172,2011-08-01
754,8,3,2012,29.05289440753375,16748770.04940239,89.24687915006639,2012-08-01
755,8,3,2013,28.284762283245033,14654971.019969279,88.62775217613927,2013-08-01
756,8,3,2014,28.795079587213785,15483787.793714747,89.32238785925328,2014-08-01
757,8,3,2015,29.352507554747007,16897107.10800311,89.06092981092982,2015-08-01
758,8,3,2016,28.859013857737274,16188015.103225807,88.51176075268816,2016-08-01
759,8,3,2017,29.290808392241765,17133163.945288755,89.3737968591692,2017-08-01
760,8,3,2018,28.76181802679647,15709962.719696969,88.8959595959596,2018-08-01
761,8,3,2019,29.19831116073976,16099777.853281854,89.05418275418276,2019-08-01
762,8,3,2020,29.42025576369863,16458045.377410468,89.17584940312213,2020-08-01
763,8,3,2021,29.019527825723546,15887282.331805684,88.35174152153988,2021-08-01
764,8,3,2022,28.744518303918333,17283989.4984375,89.44166666666666,2022-08-01
765,8,4,2010,28.360376287688773,16830336.056879323,88.01063284652831,2010-08-01
766,8,4,2011,28.539028394585515,17680977.462151393,89.38717352810978,2011-08-01
767,8,4,2012,28.202656591578293,17162762.850798056,89.07691417996762,2012-08-01
768,8,4,2013,27.585654657842188,16326885.413461538,87.82438568376068,2013-08-01
769,8,4,2014,28.485234472953334,17860284.337123744,89.48166109253066,2014-08-01
770,8,4,2015,28.28923995600362,17840908.52892562,88.46198347107438,2015-08-01
771,8,4,2016,28.762391723572907,17705356.683377307,88.71355540897098,2016-08-01
772,8,4,2017,28.704816016443615,18599866.470822282,89.35610079575596,2017-08-01
773,8,4,2018,28.326803248327252,18415792.21313673,89.00921581769437,2018-08-01
774,8,4,2019,28.595149852175904,17519428.46875,89.08740942028984,2019-08-01
775,8,4,2020,29.37035090037828,17327283.963975985,88.9064932177007,2020-08-01
776,8,4,2021,28.205581822893365,16989020.670503598,88.31384892086331,2021-08-01
777,8,4,2022,28.34774564826872,18140462.876344085,89.37712813620071,2022-08-01
778,8,5,2010,28.723823819273402,18914316.495925494,90.0719829258828,2010-08-01
779,8,5,2011,29.49718425978311,17834849.324289404,89.9787360034453,2011-08-01
780,8,5,2012,29.204096120458857,18625793.955409836,89.9607650273224,2012-08-01
781,8,5,2013,28.441272179640933,17738339.473342,89.97334200260077,2013-08-01
782,8,5,2014,29.319188715967112,17447850.103425987,90.02671837965956,2014-08-01
783,8,5,2015,29.60228953541698,18296583.617783677,89.98346604733467,2015-08-01
784,8,5,2016,29.390163401395586,17787518.35887361,89.94597249508841,2016-08-01
785,8,5,2017,29.787300205373235,17555301.540469974,89.97617493472585,2017-08-01
786,8,5,2018,29.093413737201782,17053736.182410423,89.95754614549404,2018-08-01
787,8,5,2019,29.237389000017306,18154648.35085414,89.95192728865528,2019-08-01
788,8,5,2020,29.75310495555656,18437466.26070039,89.99421746649374,2020-08-01
789,8,5,2021,29.86462857274726,18077492.519788917,89.97740765171504,2021-08-01
790,8,5,2022,28.65894765642753,17532016.260247234,90.10474951203643,2022-08-01
791,8,6,2010,34.693977376784495,19049111.752342705,42.509370816599734,2010-08-01
792,8,6,2011,35.441676407367204,18536972.990059644,44.74160592003534,2011-08-01
793,8,6,2012,34.451655102212655,18398300.84893048,42.627228163992875,2012-08-01
794,8,6,2013,35.46534245885436,17666959.580494322,43.91983967935872,2013-08-01
795,8,6,2014,34.49400697273313,17765180.371657755,45.554701426024955,2014-08-01
796,8,6,2015,34.537022210239485,18186201.752342705,45.737115127175365,2015-08-01
797,8,6,2016,36.38665367877382,17271340.902925532,42.16716533687943,2016-08-01
798,8,6,2017,36.97129918395197,18757191.75765646,41.185308477585444,2017-08-01
799,8,6,2018,35.27700848723246,16957899.16085791,45.524296246648795,2018-08-01
800,8,6,2019,34.98509198516338,17710774.255829446,43.47140795025539,2019-08-01
801,8,6,2020,33.844571161523355,18323161.94255177,47.26397238922289,2020-08-01
802,8,6,2021,34.98102319823728,18792114.12101064,42.83089539007092,2021-08-01
803,8,6,2022,34.32587741017187,18405769.798934754,44.69207723035952,2022-08-01
804,8,7,2010,33.97865415790238,19903854.170951158,35.04230934018852,2010-08-01
805,8,7,2011,34.95097995987058,19374645.991019886,38.294098781270044,2011-08-01
806,8,7,2012,34.998458278304895,18396792.36794872,32.723023504273506,2012-08-01
807,8,7,2013,35.96094456597578,18650400.734615386,33.5420405982906,2013-08-01
808,8,7,2014,35.58300003000697,19222058.334615383,34.98354700854701,2014-08-01
809,8,7,2015,36.0297627859603,18764635.087179486,34.890918803418806,2015-08-01
810,8,7,2016,36.582024124736186,18720149.6071887,38.14265083440308,2016-08-01
811,8,7,2017,36.836210627371955,19525582.860077024,34.2201540436457,2017-08-01
812,8,7,2018,36.19331560173094,18524842.06936416,36.73661956754442,2018-08-01
813,8,7,2019,35.66271711136401,18478519.208466966,35.193232841565106,2019-08-01
814,8,7,2020,34.90411519263241,18577994.385897435,40.82676282051282,2020-08-01
815,8,7,2021,35.033415603825986,19232692.059087988,35.92929779490473,2021-08-01
816,8,7,2022,34.35331393952483,19379154.591404747,37.732146675219155,2022-08-01
817,8,8,2010,27.066973144250415,13455334.504827587,52.68051724137931,2010-08-01
818,8,8,2011,28.302485203361417,14943778.689280868,53.055404794210766,2011-08-01
819,8,8,2012,28.247451329126058,12557004.069454288,49.216335931963144,2012-08-01
820,8,8,2013,28.73968288182995,13594434.784530386,52.28965239410682,2013-08-01
821,8,8,2014,27.752800773854855,14364416.879474068,51.63513513513514,2014-08-01
822,8,8,2015,27.67634169785553,12919657.000707714,51.467857985373904,2015-08-01
823,8,8,2016,29.534754329176007,13434024.442611683,51.11248568155785,2016-08-01
824,8,8,2017,27.651244050310822,14075217.068767909,52.10977793696275,2017-08-01
825,8,8,2018,28.396530395319445,13651774.719885958,49.434010453789504,2018-08-01
826,8,8,2019,27.683763969171512,12731370.354046242,55.48392341040462,2019-08-01
827,8,8,2020,27.180917956227965,12128601.609341826,61.783085633404106,2020-08-01
828,8,8,2021,28.346085766162243,12602596.736914601,45.98100321395776,2021-08-01
829,8,8,2022,27.999327295021928,13633942.397727273,52.32859848484849,2022-08-01
830,9,1,2010,30.07054853679657,16553112.286579546,88.35769696969696,2010-09-01
831,9,1,2011,29.040686748998695,15352062.859265478,86.81989875389408,2011-09-01
832,9,1,2012,29.195117890439104,16205761.520197516,88.7117148097203,2012-09-01
833,9,1,2013,30.08850102534262,15707832.804800026,88.14660493827161,2013-09-01
834,9,1,2014,29.80465624929843,16436921.459456772,88.90281706742103,2014-09-01
835,9,1,2015,29.95387710684189,17175738.565861613,89.48851019881229,2015-09-01
836,9,1,2016,29.777512725090062,15560682.600420168,87.40728291316528,2016-09-01
837,9,1,2017,29.243160880398698,15698782.279651163,87.87558139534883,2017-09-01
838,9,1,2018,30.080662132459423,16316705.663369352,88.35523770038697,2018-09-01
839,9,1,2019,29.925464154164395,16817768.96469035,88.97317671809256,2019-09-01
840,9,1,2020,29.94768140482913,16520551.90722013,88.10865475070555,2020-09-01
841,9,1,2021,29.932009816353574,16713350.873694267,88.7898855407615,2021-09-01
842,9,1,2022,29.78241653867479,5610082.367378849,89.16217634709587,2022-09-01
843,9,2,2010,29.720421055183813,16454078.574645706,88.13170400543109,2010-09-01
844,9,2,2011,28.76266769589683,16376959.221913274,87.9258525456292,2011-09-01
845,9,2,2012,30.05935245310248,15803623.64896222,88.02487562189054,2012-09-01
846,9,2,2013,30.123799189273495,15754458.187847141,83.32382288743375,2013-09-01
847,9,2,2014,30.852864589594635,16588993.609407872,86.35179990649837,2014-09-01
848,9,2,2015,30.57805605927983,17822425.03161268,89.07508878741756,2015-09-01
849,9,2,2016,29.69660490966488,16039673.089915374,87.35431358721203,2016-09-01
850,9,2,2017,29.972807657504838,16022722.823931117,87.46941805225653,2017-09-01
851,9,2,2018,29.886777830617408,15855319.917396596,88.85619174434088,2018-09-01
852,9,2,2019,29.467892095558792,16830981.24898727,88.17149270482604,2019-09-01
853,9,2,2020,29.949029145703136,17242711.53962113,86.2086446104589,2020-09-01
854,9,2,2021,28.727151216931244,16901148.38492477,86.7237037037037,2021-09-01
855,9,2,2022,29.84866238824377,6027587.538938492,89.30952380952381,2022-09-01
856,9,3,2010,29.820413450239883,17503338.35254473,88.36186331399098,2010-09-01
857,9,3,2011,29.605668443479352,16014759.33395901,89.18587662337663,2011-09-01
858,9,3,2012,29.346568560038325,17151904.594175622,89.08911756793113,2012-09-01
859,9,3,2013,28.950665120677794,16445403.018295014,88.61466829798803,2013-09-01
860,9,3,2014,29.49948633172513,17637256.16025292,88.90146654445464,2014-09-01
861,9,3,2015,31.988457911129547,18881259.092663433,89.64936143039591,2015-09-01
862,9,3,2016,29.52352752420473,15576684.155809129,87.367081604426,2016-09-01
863,9,3,2017,30.116100855020935,15875554.411697248,86.90782000873745,2017-09-01
864,9,3,2018,29.194403706145803,16989990.872474927,89.34285282562708,2018-09-01
865,9,3,2019,29.779941606157482,16699493.271452356,89.27352762598663,2019-09-01
866,9,3,2020,30.095742070361585,17986699.43627451,88.13092320261437,2020-09-01
867,9,3,2021,29.106736921733408,17081155.19170176,89.43630154977673,2021-09-01
868,9,3,2022,29.674565232176118,6624833.526474692,89.56793687451886,2022-09-01
869,9,4,2010,28.96378548555844,19160923.308081754,89.02555999112884,2010-09-01
870,9,4,2011,28.860147807846413,18955517.298834648,89.25818303273213,2011-09-01
871,9,4,2012,29.253350247650936,19838650.7104208,89.64197530864197,2012-09-01
872,9,4,2013,27.792840452175135,18180757.942464426,88.55547550432277,2013-09-01
873,9,4,2014,29.223352987009413,20242442.07962101,89.42148714539006,2014-09-01
874,9,4,2015,29.55576193992902,20930712.550656747,89.48494909251882,2015-09-01
875,9,4,2016,29.267411373979584,17765217.94020979,88.91876456876456,2016-09-01
876,9,4,2017,29.1766926424331,19142935.395689655,89.3869540229885,2017-09-01
877,9,4,2018,29.146985262837738,19032792.586714607,89.34438549955792,2018-09-01
878,9,4,2019,29.519841632097116,19884453.485286027,89.50858250276855,2019-09-01
879,9,4,2020,29.772484311893106,20420364.23644781,89.50426487093155,2020-09-01
880,9,4,2021,28.82707034010483,19317557.90100308,88.9763955892488,2021-09-01
881,9,4,2022,28.79083076108817,7509317.449960178,89.74837916387213,2022-09-01
882,9,5,2010,29.32841519032933,19069092.587876774,88.87943262411348,2010-09-01
883,9,5,2011,29.89883860603409,18969138.499118615,89.9570538495772,2011-09-01
884,9,5,2012,28.24049524976451,18513456.615284454,89.64102564102564,2012-09-01
885,9,5,2013,29.777019873376766,17128243.193609774,90.0161591880342,2013-09-01
886,9,5,2014,29.051393415518003,18081991.9806591,90.12457103637611,2014-09-01
887,9,5,2015,30.448185787481545,18394868.523995537,90.07328869047619,2015-09-01
888,9,5,2016,29.18093015980705,15752218.197761195,89.59673852957435,2016-09-01
889,9,5,2017,30.27937701188241,18707338.014534883,89.78851744186046,2017-09-01
890,9,5,2018,29.60444943442359,17593620.908620026,89.46916774471755,2018-09-01
891,9,5,2019,29.89775508420424,18634466.920533545,89.8652507799376,2019-09-01
892,9,5,2020,31.03948624114159,18805965.78703144,89.72773075372832,2020-09-01
893,9,5,2021,28.763078393511066,17285625.495568607,89.8821957945536,2021-09-01
894,9,5,2022,29.795846750836375,6985553.644758598,89.8265306122449,2022-09-01
895,9,6,2010,39.09904782158178,20704839.018525843,39.68348570089076,2010-09-01
896,9,6,2011,38.1957329408562,20798401.648726556,42.61354378818737,2011-09-01
897,9,6,2012,38.02559222497251,19716035.92973456,41.66064257028113,2012-09-01
898,9,6,2013,38.33565777986928,18355864.634257134,41.51006898086337,2013-09-01
899,9,6,2014,38.320952698822246,19077740.522235576,44.23478260869565,2014-09-01
900,9,6,2015,39.52152126417627,19177821.533302438,42.068914783427495,2015-09-01
901,9,6,2016,39.29563941613713,18008559.110539388,39.759758694109294,2016-09-01
902,9,6,2017,39.32718368412068,20473753.2815232,38.90988567585743,2017-09-01
903,9,6,2018,38.43582321537389,19021591.083611306,43.05261001872659,2018-09-01
904,9,6,2019,40.47255884249476,19872674.846115008,40.87488662131519,2019-09-01
905,9,6,2020,38.7901055633202,20077782.53093729,44.34528574605292,2020-09-01
906,9,6,2021,39.59610348357735,19673445.81885908,40.750691823899366,2021-09-01
907,9,6,2022,37.41026930387489,7453981.890942797,42.48316384180791,2022-09-01
908,9,7,2010,37.883436189623104,21551855.73222553,33.373236331569665,2010-09-01
909,9,7,2011,37.46548046233937,22094303.237711325,35.14078975683237,2011-09-01
910,9,7,2012,39.37862437541268,21743686.395341434,30.144781144781145,2012-09-01
911,9,7,2013,40.385948591948484,20148014.7444469,32.088581833761786,2013-09-01
912,9,7,2014,39.79699097814011,20412845.49919319,33.6162604233483,2014-09-01
913,9,7,2015,41.694545089026796,21513383.945395827,32.13574660633484,2015-09-01
914,9,7,2016,39.50985009695789,19788505.990538806,35.88208253153731,2016-09-01
915,9,7,2017,38.89927013003402,21029880.206835687,32.32718228498074,2017-09-01
916,9,7,2018,40.55231775645814,20118066.561231345,34.06295464270433,2018-09-01
917,9,7,2019,40.53088778301854,21070877.32134865,33.27585099550417,2019-09-01
918,9,7,2020,38.937541860013035,21421597.401493255,36.438450010704344,2020-09-01
919,9,7,2021,40.361766901708855,20783204.25688244,34.03549978549978,2021-09-01
920,9,7,2022,38.610179513488816,8524550.163691431,35.95774497218656,2022-09-01
921,9,8,2010,30.986485783846668,16620391.841115762,42.93812548113934,2010-09-01
922,9,8,2011,31.383231111139956,17588750.394681383,47.38879003558719,2011-09-01
923,9,8,2012,32.33305585663122,15797694.332180874,47.0422936616507,2012-09-01
924,9,8,2013,34.29849739195234,14432656.60872881,47.14269746646796,2013-09-01
925,9,8,2014,33.34870302583701,16678508.033376547,43.48598981077147,2014-09-01
926,9,8,2015,33.82522139041559,19736799.822968323,47.727428180574556,2015-09-01
927,9,8,2016,33.4842532190226,16639900.185146444,45.74622268712226,2016-09-01
928,9,8,2017,31.388790857375675,13643132.616979836,44.067674915979225,2017-09-01
929,9,8,2018,33.22148345189181,17760434.1584486,46.32866575591986,2018-09-01
930,9,8,2019,31.342010818072477,16320772.174342558,49.59507214477867,2019-09-01
931,9,8,2020,32.00823819351784,18064233.185,54.23264367816092,2020-09-01
932,9,8,2021,33.15750867973104,18222092.039980657,46.524745016226234,2021-09-01
933,9,8,2022,31.60292250953892,6117675.797801612,49.26519644180875,2022-09-01
934,10,1,2010,29.960624358293533,16387521.157731181,88.08255885997521,2010-10-01
935,10,1,2011,29.882853363567676,16155542.072819231,88.40684051398337,2011-10-01
936,10,1,2012,30.411351915380244,15591200.259742174,89.18367638650658,2012-10-01
937,10,1,2013,30.194102880658466,16291893.370558888,89.15619154508045,2013-10-01
938,10,1,2014,30.167054794520578,15012382.055352556,83.91487279843444,2014-10-01
939,10,1,2015,30.74989460981499,15692915.459114794,89.50120675784393,2015-10-01
940,10,1,2016,30.015356603422646,15260572.0796875,88.54765625,2016-10-01
941,10,1,2017,30.449878472222252,14878246.256510416,88.44140625,2017-10-01
942,10,1,2018,30.280853308364573,14677875.320590474,88.55259051186017,2018-10-01
943,10,1,2019,30.177895738203986,14740178.198237728,87.9334094368341,2019-10-01
944,10,1,2020,30.060383191395818,17236346.366121564,88.06451161488944,2020-10-01
945,10,1,2021,30.92839072405742,15960728.454231575,87.74090757424091,2021-10-01
946,10,1,2022,29.951450189891936,5102344.953653422,84.58466257668712,2022-10-01
947,10,2,2010,30.52984149659867,16272668.847597163,88.06120448179271,2010-10-01
948,10,2,2011,29.158709513435035,15660239.536960443,84.20007262164125,2011-10-01
949,10,2,2012,30.2303658680864,15456347.649227763,87.44713102632358,2012-10-01
950,10,2,2013,30.155165790396104,16653521.393430434,87.77287066246056,2013-10-01
951,10,2,2014,30.144128277153587,14995421.660536634,87.67571785268414,2014-10-01
952,10,2,2015,30.18471912013539,15849878.764316307,86.91144952058657,2015-10-01
953,10,2,2016,29.75845600732604,15348051.592956731,86.7349358974359,2016-10-01
954,10,2,2017,30.887057817324912,15622660.273904117,88.0480659840728,2017-10-01
955,10,2,2018,30.239909975669132,15970288.345497426,88.16336461591936,2018-10-01
956,10,2,2019,29.733720626631886,15156058.059093505,88.02349869451697,2019-10-01
957,10,2,2020,29.867322729504203,17382576.611955006,88.50927835051546,2020-10-01
958,10,2,2021,29.921792234659602,16397693.189418275,86.82867856219292,2021-10-01
959,10,2,2022,30.937321666666694,5559101.306585938,87.228,2022-10-01
960,10,3,2010,30.809481368469747,16753319.138728762,85.0359223300971,2010-10-01
961,10,3,2011,28.937058061171623,15849599.54752503,88.55676516329704,2011-10-01
962,10,3,2012,29.667030969031,16775558.045899414,89.38461538461539,2012-10-01
963,10,3,2013,30.01855077605758,17528925.120593444,87.53468801313629,2013-10-01
964,10,3,2014,30.004591102986016,14960982.354697498,89.08653260207191,2014-10-01
965,10,3,2015,32.948396170839494,17918032.96045425,87.893470790378,2015-10-01
966,10,3,2016,31.39028277128698,16901141.03029159,88.11802973977696,2016-10-01
967,10,3,2017,31.624960273612235,15443947.530753626,87.08977900552486,2017-10-01
968,10,3,2018,30.899953028556702,17779328.444579393,89.48257080610021,2018-10-01
969,10,3,2019,29.45592765382018,15015251.854002915,86.5290736984449,2019-10-01
970,10,3,2020,30.082566710555216,17059975.707139257,86.89324116743471,2020-10-01
971,10,3,2021,30.782997205588853,17002855.07381643,87.13033932135728,2021-10-01
972,10,3,2022,30.195812479474576,6158401.579649976,88.47684729064039,2022-10-01
973,10,4,2010,29.345730242592683,18972904.702920258,88.8903448275862,2010-10-01
974,10,4,2011,28.674314057142887,17195096.44753125,88.47546666666666,2011-10-01
975,10,4,2012,29.277782880748052,19941469.39255276,89.1928685349738,2012-10-01
976,10,4,2013,28.06274212625347,18769170.216335528,88.79856199905706,2013-10-01
977,10,4,2014,29.80479716662145,18342993.422764543,88.39851485148515,2014-10-01
978,10,4,2015,30.562134436566392,21081154.669234913,89.55436781609195,2015-10-01
979,10,4,2016,29.601974077007302,18296224.20798227,88.81768388106416,2016-10-01
980,10,4,2017,30.05906036519545,19218653.748998247,88.8544511886697,2017-10-01
981,10,4,2018,29.876953545931883,20603990.321439467,89.3292359604724,2018-10-01
982,10,4,2019,29.404480091985857,17973936.772386275,89.19508154943935,2019-10-01
983,10,4,2020,29.68957624150101,19884852.152840156,89.2624810892587,2020-10-01
984,10,4,2021,29.21919717765323,18630614.915103815,89.01003608479928,2021-10-01
985,10,4,2022,28.92966396779656,7038995.16758882,89.87752161383285,2022-10-01
986,10,5,2010,29.83614683779765,16985019.7234375,87.81640625,2010-10-01
987,10,5,2011,30.20509256161484,15685955.07925022,87.36651053864169,2011-10-01
988,10,5,2012,28.53133432321238,17542603.866376515,90.15570934256056,2012-10-01
989,10,5,2013,28.954443821484666,16232038.524804994,89.49843014128729,2013-10-01
990,10,5,2014,30.099043799956394,16722043.62376907,91.8296903460838,2014-10-01
991,10,5,2015,29.791982082732115,18607931.302951388,91.0,2015-10-01
992,10,5,2016,29.971479166101915,16798099.665030755,90.23673552045362,2016-10-01
993,10,5,2017,29.501848917748948,17554414.60225184,87.89019607843137,2017-10-01
994,10,5,2018,30.16834057706802,17457433.8107712,90.17534456355283,2018-10-01
995,10,5,2019,29.87381161585976,16530760.823254446,89.84937238493724,2019-10-01
996,10,5,2020,29.926503539680088,18173023.036978334,89.62220447284345,2020-10-01
997,10,5,2021,29.230532434168303,17824726.547018003,88.9306358381503,2021-10-01
998,10,5,2022,29.951111111111143,6984067.5172526045,89.66666666666667,2022-10-01
999,10,6,2010,38.47505093646333,17255300.437097292,44.98152920962199,2010-10-01
1000,10,6,2011,35.75181797099363,16386468.173581213,50.24892758011607,2011-10-01
1001,10,6,2012,39.36642917961379,20281888.899046265,45.556060606060605,2012-10-01
1002,10,6,2013,39.046032105712584,18109379.616511367,48.379584209296894,2013-10-01
1003,10,6,2014,39.58148552736134,19475467.659980908,45.55056802438349,2014-10-01
1004,10,6,2015,41.129250575863665,20397775.104327988,46.286996066863324,2015-10-01
1005,10,6,2016,38.94477285702859,19046396.567688536,52.7960723335637,2016-10-01
1006,10,6,2017,43.12764254954321,20536534.84409627,39.166056166056165,2017-10-01
1007,10,6,2018,37.89955584506342,18102700.320484474,51.04150943396226,2018-10-01
1008,10,6,2019,39.7755384540941,19057723.99750375,47.01399491094148,2019-10-01
1009,10,6,2020,41.550168358550074,19339328.014122598,44.17372881355932,2020-10-01
1010,10,6,2021,36.47697863229977,18386128.294095613,55.948562986838574,2021-10-01
1011,10,6,2022,36.959501951600345,8054866.55550397,49.6,2022-10-01
1012,10,7,2010,41.59621610806776,19394338.026196413,32.29258630447085,2010-10-01
1013,10,7,2011,39.11273696258586,18331071.02499573,41.48736338797814,2011-10-01
1014,10,7,2012,42.7206159505856,22191079.258085623,30.020939548434086,2012-10-01
1015,10,7,2013,41.950980283370924,19989313.349891294,31.54659731252709,2013-10-01
1016,10,7,2014,41.89475898093525,20698990.847645875,31.010845506861443,2014-10-01
1017,10,7,2015,44.437055204249155,22114756.91440287,31.45972316768777,2015-10-01
1018,10,7,2016,40.98266882026598,20473960.991054814,43.71542610571736,2016-10-01
1019,10,7,2017,43.79329412328202,22345334.402674705,30.181643132220795,2017-10-01
1020,10,7,2018,42.27773990759089,19843769.859336827,37.948859934853424,2018-10-01
1021,10,7,2019,42.6517260412733,20567012.310509976,34.11454940282302,2019-10-01
1022,10,7,2020,43.041421415772,20885223.629810855,37.57258771929825,2020-10-01
1023,10,7,2021,42.7357810870733,19936586.877877444,34.61534064929126,2021-10-01
1024,10,7,2022,39.9874154339422,8832693.604596633,32.52139037433155,2022-10-01
1025,10,8,2010,34.95820570982769,15551872.98805317,50.15151515151515,2010-10-01
1026,10,8,2011,31.907905660377388,13893947.00740187,48.580862533692724,2011-10-01
1027,10,8,2012,36.79931538998436,19471255.479884084,42.77717522294529,2012-10-01
1028,10,8,2013,33.76602170362733,14748591.950882785,48.63537906137184,2013-10-01
1029,10,8,2014,36.400953986370055,16973475.400881484,41.944150943396224,2014-10-01
1030,10,8,2015,37.30783978813689,19576602.970705856,42.54009324009324,2015-10-01
1031,10,8,2016,34.232740199895034,16807561.447169706,55.03665480427046,2016-10-01
1032,10,8,2017,35.69467287894127,19071263.664025765,42.82628004179728,2017-10-01
1033,10,8,2018,36.23709943198915,16194853.37664957,41.01124589335355,2018-10-01
1034,10,8,2019,34.802393966006704,18630860.918603297,47.05824639841033,2019-10-01
1035,10,8,2020,35.87872698644199,15797851.969038269,40.973262032085564,2020-10-01
1036,10,8,2021,36.268898536200226,15391907.488600127,41.25063775510204,2021-10-01
1037,10,8,2022,34.47901897081416,7509717.573166583,43.61693548387097,2022-10-01
1038,11,1,2010,30.71014298480789,15102211.549597856,87.70837056896039,2010-11-01
1039,11,1,2011,29.428148379052402,14856287.229426434,87.73150457190359,2011-11-01
1040,11,1,2012,30.320773026315816,15171658.111842105,85.24835526315789,2012-11-01
1041,11,1,2013,29.487400673400703,15191094.08888889,87.8074074074074,2013-11-01
1042,11,1,2014,28.956948924731215,13746716.733870968,87.00201612903226,2014-11-01
1043,11,1,2015,29.316650147492656,15032053.961061947,87.9716814159292,2015-11-01
1044,11,1,2016,30.587315663372298,15283974.03773585,88.60332434860737,2016-11-01
1045,11,1,2017,29.368219497956826,13460103.267950963,88.39462930531232,2017-11-01
1046,11,1,2018,29.341493445692915,13210351.744382022,87.9627808988764,2018-11-01
1047,11,1,2019,29.769503875969022,14326494.846511628,88.47790697674418,2019-11-01
1048,11,1,2020,29.474503995875256,14500588.846094355,89.04988399071925,2020-11-01
1049,11,1,2021,29.483149798823924,15566823.03064067,88.20891364902506,2021-11-01
1050,11,2,2010,30.67810803212854,14367450.691566264,88.00953815261045,2010-11-01
1051,11,2,2011,29.273860869565244,14381188.35478261,85.76840579710145,2011-11-01
1052,11,2,2012,31.00142929292932,15387031.8,86.53030303030303,2012-11-01
1053,11,2,2013,29.349234468937905,13851828.847695392,86.2385604542418,2013-11-01
1054,11,2,2014,29.93293438320213,13974228.24566929,88.5220472440945,2014-11-01
1055,11,2,2015,30.859923534409546,15093754.412914189,88.77046162560181,2015-11-01
1056,11,2,2016,29.854120923913076,14576884.019021738,87.64809782608695,2016-11-01
1057,11,2,2017,30.281909203980128,15610587.679104477,85.87810945273631,2017-11-01
1058,11,2,2018,30.57380239520961,14109998.92215569,87.79640718562874,2018-11-01
1059,11,2,2019,29.7499517102616,14757275.271629779,87.65358819584172,2019-11-01
1060,11,2,2020,30.297743718592994,14954686.263316583,85.37353433835847,2020-11-01
1061,11,2,2021,29.326783783783814,14951720.302702703,86.90585585585586,2021-11-01
1062,11,3,2010,28.51544871794875,15280625.48076923,87.93589743589745,2010-11-01
1063,11,3,2011,29.167598220397018,14546932.673511293,88.77224503764545,2011-11-01
1064,11,3,2012,30.794777153558083,16077472.269662922,87.37640449438203,2012-11-01
1065,11,3,2013,29.637777777777806,13397196.704545455,88.23674242424242,2013-11-01
1066,11,3,2014,30.754356183947476,14174951.396743787,88.8702513567552,2014-11-01
1067,11,3,2015,30.80182881446042,15911544.229665073,89.19351408825094,2015-11-01
1068,11,3,2016,29.971666666666696,15966770.133333333,87.66666666666667,2016-11-01
1069,11,3,2017,30.921936430317874,14886949.261613691,88.81295843520782,2017-11-01
1070,11,3,2018,30.19880199004978,14464827.653731342,87.92985074626866,2018-11-01
1071,11,3,2019,28.500861423221007,14417572.505617978,87.92275280898876,2019-11-01
1072,11,3,2020,30.843771406727857,14094513.33027523,87.8019877675841,2020-11-01
1073,11,3,2021,28.468184079602022,14534706.95522388,86.7021144278607,2021-11-01
1074,11,4,2010,28.435207212165718,16343634.905821918,87.77632705479452,2010-11-01
1075,11,4,2011,29.41177332976305,17092086.802249297,88.80334270540456,2011-11-01
1076,11,4,2012,29.7699033137965,18218570.463878326,89.71444866920152,2012-11-01
1077,11,4,2013,28.681200729927035,15772958.421532847,88.30048661800487,2013-11-01
1078,11,4,2014,29.81275250159679,17842193.71535022,88.8208519622454,2014-11-01
1079,11,4,2015,30.00109540472401,19374690.681081083,89.48088803088802,2015-11-01
1080,11,4,2016,29.036095509499166,17709836.926424872,89.60155440414508,2016-11-01
1081,11,4,2017,30.584802622995873,18946487.900504686,88.17273491949051,2017-11-01
1082,11,4,2018,30.528162747810082,16631433.44813278,89.18020977408943,2018-11-01
1083,11,4,2019,28.702366324307533,16171039.178338002,88.7703081232493,2019-11-01
1084,11,4,2020,27.61625272331158,15688084.379084967,87.38888888888889,2020-11-01
1085,11,4,2021,28.34640598290601,15080549.256410256,88.33974358974359,2021-11-01
1086,11,5,2010,28.7680592991914,15596762.097035041,87.54851752021564,2010-11-01
1087,11,5,2011,29.71972508591068,13983161.87628866,88.57731958762886,2011-11-01
1088,11,5,2012,29.410000000000025,14992172.0,81.0,2012-11-01
1089,11,5,2013,29.14514084507045,14044607.563380282,89.10915492957747,2013-11-01
1090,11,5,2014,30.193819444444472,15751599.083333334,90.82291666666667,2014-11-01
1091,11,5,2015,29.578296680186302,17392219.735015772,90.1369610935857,2015-11-01
1092,11,5,2016,28.83115625188131,16027046.715549937,89.5290771175727,2016-11-01
1093,11,5,2017,29.061574241726795,15114642.63802363,88.87092731829573,2017-11-01
1094,11,5,2018,30.284786324786356,14796289.21978022,88.4023199023199,2018-11-01
1095,11,5,2019,29.02049565706114,16602847.012875536,88.81902718168811,2019-11-01
1096,11,5,2020,29.925805593638636,16282844.610364683,90.27015355086372,2020-11-01
1097,11,5,2021,29.905972222222253,14364188.965277778,88.17361111111111,2021-11-01
1098,11,6,2010,34.2927790096083,16359078.319290465,56.34645232815964,2010-11-01
1099,11,6,2011,31.846090487239007,13937001.283062644,60.03538283062645,2011-11-01
1100,11,6,2012,35.48687500000003,13140492.541666666,47.572916666666664,2012-11-01
1101,11,6,2013,34.79044814999173,17210411.772822298,54.630894308943084,2013-11-01
1102,11,6,2014,34.852505606575996,16591975.892857144,55.98130952380952,2014-11-01
1103,11,6,2015,37.87202214129984,17942618.927595627,55.959130236794174,2015-11-01
1104,11,6,2016,37.63803271551416,17051950.44764795,56.65402124430956,2016-11-01
1105,11,6,2017,35.87274833199896,16572994.995996797,55.124165999466236,2017-11-01
1106,11,6,2018,33.42747500000003,16270626.345833333,55.120746527777776,2018-11-01
1107,11,6,2019,37.365672016484275,18400038.74934498,54.88602620087336,2019-11-01
1108,11,6,2020,34.44184291285763,17654979.160458453,60.3747612225406,2020-11-01
1109,11,6,2021,33.09519927536235,15237953.69021739,53.97146739130435,2021-11-01
1110,11,7,2010,36.84134264118017,18950655.978378378,54.996565315315316,2010-11-01
1111,11,7,2011,31.92176799906501,16548185.798036465,68.82883356708743,2011-11-01
1112,11,7,2012,35.685487356321865,15155801.475862069,46.32229885057471,2012-11-01
1113,11,7,2013,39.611766164004024,18309743.64698248,45.48253298723772,2013-11-01
1114,11,7,2014,39.37039298607,18015224.289993193,45.56149307919219,2014-11-01
1115,11,7,2015,43.1681255447637,20109975.85953177,36.790078037904124,2015-11-01
1116,11,7,2016,38.544213254251694,18950337.68366688,55.3345168926189,2016-11-01
1117,11,7,2017,37.5442560252574,17864625.575838927,48.28232662192394,2017-11-01
1118,11,7,2018,35.06967936621076,18434143.652173914,60.09331195058209,2018-11-01
1119,11,7,2019,43.82900112502262,20146501.202342223,39.60550856647148,2019-11-01
1120,11,7,2020,33.250680992517445,17688732.944370862,70.2271523178808,2020-11-01
1121,11,7,2021,33.409193817878055,16388247.628902765,59.23580136782634,2021-11-01
1122,11,8,2010,32.226876573617986,15655062.555555556,58.3235153256705,2010-11-01
1123,11,8,2011,29.92552677029364,13033705.088082902,54.87823834196891,2011-11-01
1124,11,8,2012,32.874320325203286,12672952.409756098,51.58243902439025,2012-11-01
1125,11,8,2013,32.57287511301992,17462948.125,58.525909810126585,2013-11-01
1126,11,8,2014,33.616253925527175,15818547.825033648,46.09129654553612,2014-11-01
1127,11,8,2015,39.627870257372386,18969918.124824684,42.75210378681627,2015-11-01
1128,11,8,2016,32.442851653261876,16198057.27077748,63.32439678284182,2016-11-01
1129,11,8,2017,31.67841555483244,15385151.392558847,60.54365983295368,2017-11-01
1130,11,8,2018,30.96564784053159,15489739.53488372,60.75083056478405,2018-11-01
1131,11,8,2019,36.64397153518497,19199363.17525773,53.24707903780069,2019-11-01
1132,11,8,2020,31.658782365591428,14785613.52516129,64.14967741935484,2020-11-01
1133,11,8,2021,29.13136185383247,13892452.598930482,63.59126559714795,2021-11-01
1134,12,1,2010,29.6751094456341,15455021.297644539,88.84856055198668,2010-12-01
1135,12,1,2011,27.96970258136928,12633480.262626262,87.03367003367003,2011-12-01
1136,12,1,2012,29.0043043959748,14350784.29322548,88.06209976407146,2012-12-01
1137,12,1,2013,28.58466505695892,14912114.549777117,89.44136948984645,2013-12-01
1138,12,1,2014,28.321616698960746,14103917.092478422,86.77846280312372,2014-12-01
1139,12,1,2015,28.949330494728333,13539775.637469586,88.43187347931874,2015-12-01
1140,12,1,2016,29.313970247498712,13760056.721958926,89.20984728804635,2016-12-01
1141,12,1,2017,29.131213282247792,15095713.30651341,88.40676883780333,2017-12-01
1142,12,1,2018,29.800238211382144,12818762.24390244,88.52195121951219,2018-12-01
1143,12,1,2019,29.325468409586087,13043566.919389978,88.24291938997821,2019-12-01
1144,12,1,2020,29.18400409626219,13978900.141321044,87.7831541218638,2020-12-01
1145,12,1,2021,28.915286615075985,14913127.310404127,88.93135568930926,2021-12-01
1146,12,2,2010,28.568110066588357,14336927.809635723,86.90403446925185,2010-12-01
1147,12,2,2011,29.1371941964286,14043651.316964285,86.81603422619048,2011-12-01
1148,12,2,2012,29.051367179487205,13974012.190769231,88.7872435897436,2012-12-01
1149,12,2,2013,29.24728310502286,13965896.171993911,87.96575342465754,2013-12-01
1150,12,2,2014,29.850423619047646,14807763.81942857,87.93304761904763,2014-12-01
1151,12,2,2015,29.013796149857434,14703501.72413793,88.24160617059891,2015-12-01
1152,12,2,2016,28.934995704467383,12397341.907216495,87.88874570446735,2016-12-01
1153,12,2,2017,29.83871598639459,13674611.403061224,88.50340136054422,2017-12-01
1154,12,2,2018,30.109476113794983,12862867.016103059,88.96081588835212,2018-12-01
1155,12,2,2019,28.109622641509457,13147518.849056603,86.28459119496854,2019-12-01
1156,12,2,2020,28.43062222222225,13875612.397619048,86.87837301587301,2020-12-01
1157,12,2,2021,28.836700336700368,13755869.481481481,87.51178451178451,2021-12-01
1158,12,3,2010,28.857730960136525,13856446.413680783,87.91368078175896,2010-12-01
1159,12,3,2011,29.751436491228098,14236463.381052632,87.71640350877192,2011-12-01
1160,12,3,2012,29.25615561959657,13259950.668587897,88.01152737752162,2012-12-01
1161,12,3,2013,28.54526265520538,14541506.959885387,88.27936962750717,2013-12-01
1162,12,3,2014,28.762797706797734,14347810.373464374,86.60155610155611,2014-12-01
1163,12,3,2015,30.447272275884618,14926031.26123128,89.3044925124792,2015-12-01
1164,12,3,2016,28.15933701657461,12197508.276243094,85.56077348066299,2016-12-01
1165,12,3,2017,29.85732492997202,13273776.386554621,85.75630252100841,2017-12-01
1166,12,3,2018,27.96832764505122,12520543.897610921,87.660409556314,2018-12-01
1167,12,3,2019,29.011282894736873,12515470.434210526,88.37116228070175,2019-12-01
1168,12,3,2020,28.96726735395192,13709510.560824743,83.4938144329897,2020-12-01
1169,12,3,2021,28.201830985915525,12762807.38028169,88.17370892018779,2021-12-01
1170,12,4,2010,27.787058823529442,14962438.776470589,86.84248366013071,2010-12-01
1171,12,4,2011,28.306091475984363,16359893.385899814,89.25510204081633,2011-12-01
1172,12,4,2012,29.234288888888916,15130304.874458874,88.12395382395383,2012-12-01
1173,12,4,2013,27.683611424807108,15576844.29249012,88.07147562582345,2013-12-01
1174,12,4,2014,29.446014203909325,17528182.50264151,88.78358490566038,2014-12-01
1175,12,4,2015,29.974513111325642,17505074.41891892,89.19425675675676,2015-12-01
1176,12,4,2016,29.13237291789147,14382643.133058986,88.30864197530865,2016-12-01
1177,12,4,2017,30.248062091503297,14906080.673202615,87.06862745098039,2017-12-01
1178,12,4,2018,26.543750000000024,12310570.125,86.1875,2018-12-01
1179,12,4,2019,27.451031746031774,14046255.047619049,87.88492063492063,2019-12-01
1180,12,4,2020,27.480217948717975,15074429.052884616,87.81570512820514,2020-12-01
1181,12,4,2021,28.214142394822034,13310485.601941748,88.1747572815534,2021-12-01
1182,12,5,2010,28.07023172905529,13683160.203208556,86.6470588235294,2010-12-01
1183,12,5,2011,28.910650739476708,14555438.552901024,87.03242320819113,2011-12-01
1184,12,5,2012,28.505430220356796,15420619.490031479,89.09408884225255,2012-12-01
1185,12,5,2013,28.452237076648867,14230508.192513369,87.42513368983957,2013-12-01
1186,12,5,2014,28.361549247937923,14419047.871906841,89.13755458515284,2014-12-01
1187,12,5,2015,28.513764719564094,17902965.05263158,90.03618421052632,2015-12-01
1188,12,5,2016,30.40916918429006,14502314.410876133,89.33081570996978,2016-12-01
1189,12,5,2017,29.114810562571787,14333653.735935707,88.61882893226176,2017-12-01
1190,12,5,2018,28.632153082549667,13769294.19122257,89.1828631138976,2018-12-01
1191,12,5,2019,29.249999716890354,17085432.290130798,87.40596512088784,2019-12-01
1192,12,5,2020,29.110904715762302,15697169.319767442,91.06443798449612,2020-12-01
1193,12,5,2021,27.691386138613886,11576471.04950495,83.66831683168317,2021-12-01
1194,12,6,2010,31.49091530054648,15388822.205274412,64.5336184366833,2010-12-01
1195,12,6,2011,31.779697381901,15631045.075697212,63.352589641434264,2011-12-01
1196,12,6,2012,34.070386402808396,19413501.89917127,64.53625690607734,2012-12-01
1197,12,6,2013,32.172327151335345,13203069.830860535,60.460187932739856,2013-12-01
1198,12,6,2014,32.15531547619051,15799520.912011173,59.50325884543762,2014-12-01
1199,12,6,2015,35.26857593980224,20056515.36176066,63.85883768913342,2015-12-01
1200,12,6,2016,32.841558467424626,18942881.359267734,61.9826468344775,2016-12-01
1201,12,6,2017,32.08469712351949,15933030.162436549,55.93485617597293,2017-12-01
1202,12,6,2018,33.234557780388855,16676964.759424264,66.00376970527759,2018-12-01
1203,12,6,2019,33.99596161564629,19219356.962857142,63.61101190476191,2019-12-01
1204,12,6,2020,33.729519476809514,18636194.479405805,64.93230925050642,2020-12-01
1205,12,6,2021,30.323827160493856,11296536.518518519,59.02469135802469,2021-12-01
1206,12,7,2010,32.44594027860109,16843046.784232367,67.78054402950669,2010-12-01
1207,12,7,2011,31.348120100977273,18703160.084942084,71.2016302016302,2011-12-01
1208,12,7,2012,34.91388931626518,20734891.88917526,62.983247422680414,2012-12-01
1209,12,7,2013,33.31089853285275,15205310.75564409,66.30876494023904,2013-12-01
1210,12,7,2014,32.25846971484586,17539261.489332415,66.52902041752697,2014-12-01
1211,12,7,2015,39.018108031151286,21095687.741505664,52.1698312236287,2015-12-01
1212,12,7,2016,33.516467509473046,19407018.317962836,61.52466161963753,2016-12-01
1213,12,7,2017,33.12665188672557,18217013.031811897,63.86099585062241,2017-12-01
1214,12,7,2018,31.251877022330447,17381087.422653724,72.26720604099245,2018-12-01
1215,12,7,2019,38.213011485762344,20173188.372340426,56.29515735815603,2019-12-01
1216,12,7,2020,32.7630035670257,20210465.85964912,72.13780593458955,2020-12-01
1217,12,7,2021,30.816989932885935,13753739.050335571,61.196029082774054,2021-12-01
1218,12,8,2010,28.23676969254485,17144663.032367975,67.19960249858035,2010-12-01
1219,12,8,2011,28.973080054274114,16625124.092265943,68.75282677521484,2011-12-01
1220,12,8,2012,31.714895335524343,21386075.752650175,65.18097762073026,2012-12-01
1221,12,8,2013,29.361023124904946,14311550.479233228,69.4806531771388,2013-12-01
1222,12,8,2014,30.7169207296284,17722921.789976135,65.99681782020684,2014-12-01
1223,12,8,2015,35.9752472511792,22565950.105941303,54.15658554044381,2015-12-01
1224,12,8,2016,29.779000804505262,17714273.069991954,71.20829981228212,2016-12-01
1225,12,8,2017,29.871963130173093,15722320.690744922,67.26222723852521,2017-12-01
1226,12,8,2018,30.316647951431314,17067030.372649573,69.58418803418803,2018-12-01
1227,12,8,2019,32.27591532313512,18900439.423255812,60.3469638242894,2019-12-01
1228,12,8,2020,29.507013450688362,20268543.95829384,67.74731437598737,2020-12-01
1229,12,8,2021,30.321000000000033,12947422.6,71.5,2021-12-01
